Sequence1,Sequence2,Label
ATCTGGCTAATTAAT,GCTAGCTACTCTCAG,0
AAGGAGATGGTTGAA,GAAGGGTCGTCTCCA,0
AGATGCAAACGCTGC,TCGAATCTATAGACA,0
GCTGTCACGAACTTG,GTTTGGAGGCTGATC,1
CGAGTCTGTCTCGCC,ATAAAGCAGAAAAAT,1
CATAGAAGTCTCTAA,TCAACTGCCTCACTT,0
ATTTTAGCAGGTACT,GCGTACCAATTTGCA,1
CCGTAGTCGACTGAT,GGATTCAACGTGATC,1
TGCAGGGACGCTTCT,TTCGGAGCAAACGTC,1
ATCGTATCTCATAAG,TCACTCTTATCGCGT,0
ACTCCTGCGAATTCC,GATTTCGAGCACTAA,0
AAGAGAAAATAGTGG,TCCAACCCTTTTGGC,0
CTGTTAACGTCTCCT,AGCCCATGTACAGAT,0
AGCTTCGGCGTCGTG,GGAATATTAACGACT,0
CCTCGTCCCTGTTCC,GTCGGTGCCTACTGG,1
AATCAGATTAGATCG,TCGGTCATTTCCCGC,1
AATCAGATTAGATCG,ACCACTTAAGGAGTC,1
GATTCGGGCAGAAGC,GCCGTGTTCGTTTTC,1
CCGCCCAAGCGTAGA,TACCGAGCTTAGTGC,1
CATCAAACGTAACAA,GCTGTCACGAACTTG,0
CAGCGCTGGCTTGAC,TAAATTACCTCAGAT,0
AGGGCTCTTGGCCCC,ATTACGAAATCTCTG,1
CATAAATTAATTGTA,CGACCTGCAGCATTG,0
AGGTTTAGGGAAAAC,ATTGGTTGTAATTAA,1
ATCAGGCCCGCTTAA,GGTTCTTTATCTCTT,0
ATAGCATGTCCCGCT,TAGGGCTTTCTTGCC,1
AATGGGGTGGTGCGC,ACTCCTGCGAATTCC,0
ACGACTCAAATTGCA,GCTGATGTCACGGAA,0
AGTTGGAAACGTACC,TCATCATCCTCAGGG,1
GGCCCTCTTGAATGG,GGTGGAGCACTCTGA,1
CCTAGTCACTATACT,TTATTGCTTGACGCT,1
AAGACAAACGTCACG,TGAATCTCCTGCCGC,0
CTGGAAACACTCATG,GGACCCGACCGATCC,0
CTAGTGGCCTAGAGC,ATAAGGTATCAGGAG,1
CCTATGAGGGCACCG,AGCCCATGTACAGAT,1
CACTAGTTCTTAGAG,TCTGGAACTCTAGCG,0
GCCGTACATCAGCAG,GGGAAAGACCCGTCG,0
ACGTACCTGAATGTA,TGATCCAGAATTGGG,1
AACCATGTAAGGAGT,TGTAAAAGATCAAAT,1
CTGATTATATCGGGA,GAGTCAGCTGATGAA,1
CGACAGAATCATCTT,TAAAGCACCTTATCA,0
ACTAATTACGTTGTA,TGAAACCTCATATCG,1
CATCAAACGTAACAA,ACGCTTTGTTTGATC,0
AGAGGTTGGCCCGAT,GTCAGATACCTCTTG,0
ATCTGAGATGCCCTC,TCCTACCGGGCTCAA,1
ATGAATGGAATGACC,TCATATAAGTATTCC,1
CTCGACTCGACACCG,CTCGATTCCGGAGGG,1
CCTGGCCCTTGGAGC,AAGAGGGGTTAGGGC,0
AGGCCGTCATTAAAT,TCCGCTGTGCTTCTA,0
ACTAAAACGCGAATG,TGAGGGTCATTCACT,1
ACGAATTTCTTACAG,TTGAGGTTGTAGTAC,1
AATGCAGTACATGGG,TTCGTTTTCATTCAA,1
AGGCATACTCTTTAA,GTCGGTGCCTACTGG,1
TGACAGATGTGAAGG,TGTGAAGCCTTTCAT,0
CCGTGGAAATCACCT,TAGCTGATAGTGCTC,0
TTTGTTATCCACGCG,GTAGCCCGGCGATAT,0
ACGTTGTATTACTCT,GACAACCTTCCCCTT,1
CACTCGGTTGCGACG,CTGGGAGGGACATTT,1
CTCCTCCGCAAAGCA,TCACTAGATCTCATT,0
ATTTTAGCAGGTACT,TTCGGTAATATCGAC,1
TCCTTGATCCATTAT,TTTAGCGGCCTAATT,1
AATTCGGTTCCTTAC,ACCGTGGCGAACCCC,0
AATGATCGCACAGGG,GTGCAATACTAGAAA,1
TATTTGGTACACGCC,TGGTCTCGGCAGCCC,1
CATACCCAAATCTAA,AGTTGGAAACGTACC,0
TAGCTGATAGTGCTC,GTGCCACAATATTTT,1
ACTAATCGAGTGTAT,GTTTGGAGGCTGATC,0
TGTTTCTCTTTAAGG,TTGGCATGCGCATCA,1
CTGACGACCCGGCGG,TTGACCTAGATGATC,0
CGATTATGACCTGAT,TGATTACCAAACATA,0
CATAAATTAATTGTA,GAACCGCTTCCTTAC,1
CAATACTCAAGCTAC,TAGAGGTGCCCAGTT,1
AATTTTAGTAACAGA,TCACTCTTATCGCGT,1
TCAGGGCAATTACTT,GATGGGTTACCTGGT,1
CATTTAGCGGGTTCA,CTCCCTGGACGCTAG,1
AACGAAGTCTAGAGG,GAGAAGCTTCACGGT,0
ATATCGGTCCTTCCA,GGGCTTTCGAAGAAC,0
CATTCGGGGTGTCGT,AATAGTACTAAAGCC,0
GAAGGGTCGTCTCCA,GCGTTGACAAATCTC,1
TAAATTACCTCAGAT,TGACTACCGTCCGAA,1
ACTATTTTTATAGAT,GACCCCTGCACGTAC,1
CCCTAATCCTGTATA,GTGACCAAGGCGGTT,0
AAGGAACGTGTCATA,ATGTCTTCTCCGATA,1
ACTAAAACGCGAATG,TCAACTTCAGACTAT,1
TCGAGGTGGCCCTGC,TCTGACCCACAAGTT,1
CGCGATTGTGCCAGG,CGTAGGGAGGGCATT,1
AATGAGAATGTACGA,AATGCTCACTCGCTA,1
AGCACGATGCGAGCA,AGCGGGCCATTGCCT,0
AAGACTTTCACTTCT,ACGATGTGGAATCCC,0
TTCACCTCAAAAGGC,GTACTGTCGCGCGCA,0
GTATCAGGGTACAGA,GTGCCACAATATTTT,1
AAGAGATAGGAAGAA,GTCTTTCAAACTAGA,0
AATTGGCCCAAATTG,ACGCGCTCCAACGAC,1
CCGCTGAGGTTTAGA,GGCGAGTGTGGATAA,0
GACAGCTGCTGGCTT,GTGCAATACTAGAAA,0
TAACATCCGGGGACT,TTGGGCCGGAGACAG,1
TAGTTTATTGTCACA,GCGTTGATCTTACTT,1
TATGCAATAGTACTG,GAGGAAGTCGCCTCT,0
CGAGTTTAGATGCGT,GGCATGTCCTCGGCG,0
CCCTTCGAGATTTAG,AGGTTTAGGGAAAAC,1
CCCTCGCCTACCGCT,GCTAACGGCATTATG,0
TAGAGCCGATCTACC,GTGCCACAATATTTT,1
ACCGCACACAGAAGT,TTACTTTATACATAC,1
ACCCGCGTCAACTCT,ATGGCGAGGCTGTAA,1
ACAGCGGGTAATGGT,GTATCTGCGGGATTT,0
TTTATCAAATCGAAT,GGAAGAGCTTCGACT,0
ACTCAGCAACAACCG,AGGTTTAGGGAAAAC,0
CACACCACGTGTCAC,AAATTCTAGAGGGAC,0
CCTCTGCTCGACGTG,AATGAGAATGTACGA,0
CCAGATTGCACCCGA,GTGTACCCAGAGTCA,1
ATAATTAGCATCCCG,TGAGAGACGTACACC,0
CAAGGGGAATTTCTC,ACGCCGTTAGTAAGT,1
CCGACCTTGCCATAC,CCTGGCCCTTGGAGC,1
CATTACCACTGACGG,TTTTCAATGACCCGC,1
CTCAGAGTGCGTAGC,AAGACTATCTAATAA,1
GTCCGATGGTAACGA,GTCGCCAGCGATATC,0
CCAAAATGAAGGGAT,TCAGTGGGTGCGATC,0
AGAACCTTCCTTTCC,TTCGGTAATATCGAC,1
ACAAAAGAGTACGGA,GATTTGACCCCACAG,0
TACCCTATGGCGTCC,TTTCTCCGATGGGGC,1
GACGCAATGAGCTGC,GGGTACGCGGCTCGC,0
ACGAATTTCTTACAG,GCTGTCACGAACTTG,0
GACTGTGTACCCTAA,GGATAACTCAATTCC,0
AAGTCGCAGTTTTAA,TGTTCCGCAGATCCA,0
AAGGAGATGGTTGAA,GTTTGGAGGCTGATC,0
ATACAGGTTGCAGAA,GGGAAAGACCCGTCG,0
AGCCGGCAAGTGGTT,TTGCGCCCTCAGCCC,1
CACCTGGGCGACTCC,GTTTGGAGGCTGATC,0
TCATAGGTGCAAGCC,GAGGAAGTCGCCTCT,0
CATAAACCTCGCCAG,ACGCGCTCCAACGAC,0
TCAGCTGAAGAAACC,GCCGTACATCAGCAG,1
GGGTCAACAGTGTAG,GTAAGACAGGGTCCG,1
TACCCTATGGCGTCC,GCTATACAGGGTATA,1
CCGAGGATTTCCGCG,ACTGGAGTACGAGGC,0
AGAAATGTATAGAAG,TTTAGCGGCCTAATT,0
ATCGGAAAGTCGGAA,GTGGATAAGCCGTAG,0
CCTTAGTGCCCTGGC,GTTATTAGATGAGAG,1
CGGTGATGCCACGAA,AGCCCGCGTGTGTCA,0
CTATGTCAGCACCGC,AGGGCTCTTGGCCCC,0
TAAATTAAATACTTG,TGAATCTCCTGCCGC,1
AGCGGGCCATTGCCT,ATCGGAGACAAAGGA,1
AGCTGTGTGAACCCA,AGTTTCTCGCAAACC,0
CGCAGCGTCATTAGG,TGATTATTTTTGGCA,0
AATGATCGCACAGGG,TTGTAAGCGTCCCTT,0
CCCGATTAATTCCGC,TTGGCTCATGACCGC,1
TCTCGCATCCTGCGA,GGCTTCCCGAATGAG,1
AGTCGTTCCCTGAAA,GGTAACGGTTCTTAA,1
CCCGAAAATGGATCC,TAGTAGCTGACGAAG,1
CGCTGAACCTCTGAC,GTCTACGACTAAAAG,1
CTATATTGACTCCTC,TGTCGTCCTTTCGTT,0
ACCTTAAGGCTTAGC,ACTTTGATCCAGGCT,0
CAAACGGCCAGGTAA,TCACGCAGTGATGCC,0
AAGCTAGTCGTATCC,ACCTGGCTTATATTG,1
CTCGGTTTATAGCTA,GCTGACCACCTCACG,0
CGACAGAATCATCTT,TCTCGCATCCTGCGA,1
CCGACCTTGCCATAC,AGATGCAAACGCTGC,1
AAGGGATTTTTCCTT,GGCTATGACCTCGCC,0
ACTCTTGAGGATGAC,TCGAGACCCGTCAAT,1
ACCTGGCTTATATTG,ACGAATTTCTTACAG,1
TAGTTTATTGTCACA,GGGAGACCTAAGCAA,0
ATGTTTTAGGAAATA,GTGTACCCAGAGTCA,0
CTCTCTGAAAGTGCT,CTTGTAATACTTACT,0
CCAACCACAGACCTG,ATAAAGCAGAAAAAT,0
TCTGGAACTCTAGCG,TTTGTTATCCACGCG,1
ACGGCTCGACAACTG,TCCTGGGAGCGCAGG,0
AGCATAAGAAAATAT,AGCCGGAACTATTGA,1
CACCATGCACATTGA,ACACACGGGTGGCCC,0
TTGAACAGGGCACGT,GGTTGCTTTTGCCCA,1
CGAAGTAACGTCACG,AAGACAGTCACCGTC,0
CAAACTTAACAGTAC,TTAACTGAGTGAGAG,0
GGACGCCCCAAGGGG,GTGTGTATCGTCAGC,1
CTATGTCAGCACCGC,AGGACTATCTAGATC,0
TTTGTTATCCACGCG,GTTATCTCTGGGCCA,1
CGTATTCGCTCCGCT,GTGAAACAAACGGGG,1
CCGGGGAGTGAATGA,TAAGGACCGCGGTTG,1
TGGGACCGATTCCAC,GCTGCCCTCGCACGA,0
AGCGGGCCATTGCCT,TCTTCGAGTATGCCA,1
CACGCCTTGGATACG,AGTATCAGGACAATT,0
TCGGCCTAGGGTTTT,TTCTCGAGCAAATCC,1
CATTCGGGGTGTCGT,ATAGTGGACCAATTT,1
TCAACTGCCTCACTT,GCAACCGTGATTCCG,0
GACGCAATGAGCTGC,GTGGATAAGCCGTAG,0
TCCGAGCAACTCCGT,TCCTACCGGGCTCAA,1
GACGTCGTCCCAACA,GGCGACAATTAGGCG,0
TACGCATCGTCGAAA,GGAATATTAACGACT,0
CCTGCTAGTTACCCT,GTGTGATAACACCTG,0
ATACAGGTTGCAGAA,GTTGACGTGTCTTGA,0
ACATGAACCAATGGA,TCCGACGCCGAGATC,0
ATTCCAGTCTGTGAC,TCATGGCGAGTGACC,1
CCAGATTGCACCCGA,TTACTGAGCTTATAC,1
ACTCCTTTCGTGGCC,ATGTAGGAGTTAAGT,1
AGCCGGCAAGTGGTT,GGCAACTCCGCCCCA,0
CATTCGGGGTGTCGT,TTTACTATCTGGTGA,1
ACAATATGTCACGGC,ATGTAATCGGAATTG,1
CTGCCCTTTCTGGTG,AACGAAGTCTAGAGG,1
CAGTTAGTACATTAC,ACAGACCTACCGTTG,0
CTCAGGTTTGGCATT,GGAATATTAACGACT,0
ATGTTTTAGGAAATA,GCTATTGGTGATGAG,0
ATGAGGGATATGACT,GCTGACCACCTCACG,0
CGTCAAGTATAAAGT,TCACCAGGAGAAGCC,1
TACTTACAACGAGAG,TGACAGATGTGAAGG,1
TGATCTCGTAAGCTA,GGTGATTCGCTTATG,1
TTTATCAAATCGAAT,GAACCGCTTCCTTAC,1
AAGAGAAAATAGTGG,GTGCAATACTAGAAA,0
CGTGCCGCCATCGGC,AAGGAGATGGTTGAA,1
ACGAACGCGTGTGGA,AGCTTTGAGCGGGTA,1
CCGCCCAAGCGTAGA,ATGAATGGAATGACC,1
TGGGTGTGCTGTACA,GAAGAATTGCAGTCG,1
TTCATAAAACGTTCC,GATTGATACCTTAAA,1
AGTGCCAGTCCACTC,TGGGGAGAGGAATTG,0
CGCTAGTGAAGGCAC,AGCGAGTCGCTTCAC,1
CGTTACAACCTGGAT,TAATGGGGCAGGAAG,0
ATAAAGCTGTACGAG,GAGACCTTTCGTGTA,0
GCCCGCATTAATTCG,GGCGACTGGGTAAAC,0
ATTCCAGTCTGTGAC,GTCCCCCGTTCTAAC,1
ATATCGGTCCTTCCA,GAACTACCGTCGGCT,0
CATACCCAAATCTAA,AACGGAGCAAAAATG,0
CTCCTCTTCTCGACT,TCCTTTTATAGACGT,1
CCTATTCCCGCCCGT,AGGCATACTCTTTAA,0
CAAACTTAACAGTAC,CACTGTTCCATTCTA,1
CGTAGGGAGGGCATT,TACCTTGCCGGGGGC,0
CGGTTAAGACTTCCC,ATCAAGGCGGCGTTA,0
CCTTCTTGTAGGTCC,GGAGGGCGGTGCCAT,1
GTCCCCCGTTCTAAC,GTGGATAAGCCGTAG,0
ACATGACGGGGCAGT,GGTGATTCGCTTATG,1
ATCTTTACTAATAAG,GATTTCTAGACGATG,0
CAAGGTCTACTGCGA,TTCGATATGTGCGTA,1
TTATTAAATCAAGTT,GACGGTATAAGTACA,1
AGTTTGGGCCGCTTG,GGAGGGCGGTGCCAT,0
TCCCGCCAGTGGGTT,TTATCTTACTGAGCC,0
ACCTTAAGGCTTAGC,GGCGCTGCTAGTACC,1
CTTGGAGAATTCCGA,ATCTGGCTAATTAAT,0
CCTCGTCCCTGTTCC,AATTGGCCCAAATTG,0
CACGCCTTGGATACG,ATCTGGCTAATTAAT,1
CCATCCAAGTAGGCC,TCTATGGGGGAGACC,0
CTCTGCTCCTCCCCA,AAAGGCCCGTTTAGT,1
CACGCGATAATGAGC,AACGGAGCAAAAATG,1
CGCCAGCTCCTGCGC,GTGACCAAGGCGGTT,0
ACGTGATTCGAACCC,TGGCAGTACCCGATT,0
AGGCTATGACGACTT,GGGAGACCTAAGCAA,1
CGGTTCCGAAACCTC,ACTCTTCAGGTTGAA,0
TACCTGAACGAGGGC,GCTCCCTCAGGGTAC,0
AAGACAGTCACCGTC,TCTTGGGGTATAGAT,1
ACCGTCCATCGCCGC,TAGGGCTTTCTTGCC,1
TGTATAGCCCCAGTT,GGCATGTCCTCGGCG,0
CGCTAGTGAAGGCAC,GAATGAGTTTCCTTA,0
ACTCCTGCGAATTCC,ATATACCCACTGGAC,1
CTTGCGGTCATACAC,TCATGAAATGGCACC,0
CAGCCGATCTTGGAG,CTGGATACGAATGAG,1
AGTGCTGTCATACAA,ATCGGGGGCGGCCCT,1
CGTTACATGATAATG,ACGACAAGGCTCAAA,0
CGCCAGTTCTTGGGC,GACAGCTGCTGGCTT,1
ACTTTGATCCAGGCT,ATCGGAAAGTCGGAA,1
CGAGTCTGTCTCGCC,TGACAGGCGTCCCAG,1
TTTTAGTCTGATGCC,GTATCTGCGGGATTT,0
ATATCGGTCCTTCCA,GGCAAGCAGAGCGGA,1
ACTTAACAACAGCTA,TCGACTGTTGTATAA,1
TAAAGACTCACGCGT,TGCGCTCGAGTGCAC,1
CAGCTGCGCACGCCC,GGAGGGCGGTGCCAT,0
CGGGACTGCTGTAAC,GGGCTTTCGAAGAAC,0
ACTATTTTTATAGAT,TACTCCAGCCCTGTA,1
CCGATATACGCGTAC,TACTTACAACGAGAG,0
AGGCCGTCATTAAAT,ATCTCCGCAGAGTAT,0
ATCTGGCTAATTAAT,TACAAAGTGCAGGGA,0
CACCGTCCGAAAGCT,ACACACGGGTGGCCC,0
GTATCTGCGGGATTT,GTGCGCTAGATGCAC,0
AAAATAGCTCGGATC,GTGTACCCAGAGTCA,0
TTCCCCAACGCTGAT,GAACGCTCGCGATAA,0
CAGGGGAAGAGACGC,ATAGCATGTCCCGCT,0
CTATTCGCCTGGGGA,TCTCCTTCAAGCAGA,0
TGGCAGTACCCGATT,TTGCGTTTTCGCTCA,1
ATCCTCAGACTTTAC,TAGCTCGAGCGCTAC,1
TTATTGCTTGACGCT,GTCTAAGCGACCGTC,1
CATCACGCTGGGATT,TCCTCGGTAAGCCCC,1
CACACGTTTAGACGT,CCAAACGCCTGCCCC,1
CTCGACTATAGATGA,ACTATTGCTTCCAAG,1
TGCTGCGCAATAACC,GTAGTCCCCATGCAG,0
CAGCTGTATTGAGCG,ATCTCAGGCTTTTCT,1
ACGTGATTCGAACCC,TAGTTTATTGTCACA,0
CTCGGTTACAGGCGC,TTACCCTCTATCCGA,1
TAGCCTAGCGGCACG,TCGACTGTTGTATAA,0
AGGGTACGCCTACCA,ATTCACAAAGGATGA,1
ACTGAATATACAAAA,TAATATCCGACGTGG,0
ATGCCTATACTACCC,TAAATTACCTCAGAT,0
ACAATATGTCACGGC,GGGAAAGACCCGTCG,1
CCTCTGCTCGACGTG,TTGCGTTTTCGCTCA,0
TGCGCTCGAGTGCAC,TTCGTTTACAATAGC,1
AGTATCAGGACAATT,TACACTAGTCCTTCA,1
CCGATATACGCGTAC,TGTATGCATGAGGAT,0
CCTTCTTGTAGGTCC,ATGTAGGAGTTAAGT,0
CAAGGTCTACTGCGA,TCTGACCCACAAGTT,1
ACCAATCCGTTATTG,TTACTTTATACATAC,1
CAACGCAGGACGACA,TCATCATCCTCAGGG,0
CGAAGACTGATACCT,TTCACCAATTATTGA,0
ACCAGGTGTGTGCTT,AGGACACGTTTTTGG,1
CGGCCGTAAGTCAGC,TGTGCAACTGCCCAC,0
CTATGTCAGCACCGC,TTCACTGGGGAGTTA,0
ATTCCTATAGCTTCA,TATCAGGCTGTTTAG,0
CACACGTTTAGACGT,CTTTAAAGCCGAAGG,1
TTGCTACCACATACA,GATGCGTTCACGGAA,1
ATGGTTGTTTCTCCT,TGAGGTGTTCCTGAC,1
TCTATCTTATGCTCC,GGAATAACGGGCAAA,1
AAAATAGCTCGGATC,GCGACTAGGATCATC,1
GAACCGCTTCCTTAC,GCGTACCAATTTGCA,0
CCAAACGCCTGCCCC,GACTTAGACGTCATG,0
CACTCGGTTGCGACG,TCGGGGGCAAGGCTA,0
TGGAGTTCTAGTTAT,TTTACTATCTGGTGA,1
TCGATATAGACTCCG,GTATTGTACTCTTTA,0
TGTGAAGGACAGACG,TTAGGCGAGGTCGAC,1
CACCTGGGCGACTCC,GGCCCTCTTGAATGG,1
CGAGTAGTGAAAGCC,GGGCTTTCGAAGAAC,1
CATCAAGCGGGCCCG,CCCTTACACGTCCCT,0
ACTAATCGAGTGTAT,GCACGGATCCCAACA,0
TCTTCGAGTATGCCA,GGGATCTCACATATT,0
CAGACTGTCCCTAAT,CTGGAAACACTCATG,1
TGGTCTCGGCAGCCC,GATTGATACCTTAAA,0
CATTGGTGAAAGGTT,GCAATAACTGGGCAC,0
CCGATACCGCCAGGA,TGCGGACATCTTAAA,0
ACGTACCTGAATGTA,TTTCAATCTGATGGC,1
AAATTGAGGGGACGG,GTGTTATCACCTGTA,1
CTGGGAGGGACATTT,TTTGTTATCCACGCG,0
CATTCCTTGTCTCGA,GGGAATACCACGGGA,0
CGCTGAACCTCTGAC,TTAACTGAGTGAGAG,1
CGAGTAGTGAAAGCC,AATGTATTAGACTTT,1
TGGTCTCGGCAGCCC,GGTTTGTTGCGTTAA,0
TAATGGGGCAGGAAG,TTCGGTTACTACATA,1
ACCGATCGAATGAGC,TGCGTAGCTCACAGC,0
ACGTTGTATTACTCT,GAGTTCTATTTGGCC,0
ACGGTTGACCGGGCT,TGCTGCGCAATAACC,1
ATGCCTATACTACCC,GAAGGGTCGTCTCCA,0
CATAATACGTCTAAA,TCATCATCCTCAGGG,0
GAGTGAATTTAGGGG,GCGTTGATCTTACTT,1
TGTGATCAAAGTCGA,GCGACTAGGATCATC,0
AAGACTATCTAATAA,TTGGAATACGGCCTA,1
AAGAGAAAATAGTGG,GTCGACGGAAATCGC,1
TTCAAAGAATATGGT,GCTTAGCACTGGAGC,0
GGCGCTGCTAGTACC,GTCCGATGGTAACGA,1
ATGTAATCGGAATTG,GGCTTCCCGAATGAG,0
TCCAATTGGGTTGTG,GGCGAGTGTGGATAA,0
CTTCCGGCTGCGTCC,ACCAGGTGTGTGCTT,1
TGACCTTAACTCGGC,GATTGATACCTTAAA,1
CACTCGGTTGCGACG,CCGGGGAGTGAATGA,1
ACTACTCGTGGGGAC,TCTATCTACCATGGG,0
CCTCGTCCCTGTTCC,CTTGGTTGCTCAAGT,0
GAATGAGTTTCCTTA,GAGCCAAAGCGTTAG,1
AGGCATACTCTTTAA,ATCTCCGCAGAGTAT,0
TGTAAAGTCGAACGC,TTACCCTCTATCCGA,0
CCGCACGGGGACGAA,GGCAAGCAGAGCGGA,0
TAGCCTAGCGGCACG,GCTATTGGTGATGAG,0
TCAGATACTGAACCA,GGCTTCCCGAATGAG,1
AAGTCCGCTCAAAGG,GTTTTGAGTCTCCTA,1
CGGCCGTAAGTCAGC,AGTTTGGGCCGCTTG,1
CAGCACCGCCTTCAA,CTGATTATATCGGGA,0
AAGACAAACGTCACG,GGAGACGGGAACCGT,1
AAGAGATAGGAAGAA,ACAGGGCAGTGTAGG,1
ACTTCTGCCTGCCTA,GGTTTGTTGCGTTAA,1
TAGATAAGGGCCTGC,TCGCGATCGCCATCA,1
ACAAAAGAGTACGGA,GAGTGAATTTAGGGG,1
TCGTCGAGTAGGGCT,GGGTACGCGGCTCGC,0
AGGCATACTCTTTAA,GTCTACACAGTGTTT,1
AGCATAAGAAAATAT,TCCTTTTATAGACGT,0
CCTAGTCACTATACT,GGGGCGCCTGCGAGT,1
AGTCGAAACTACTTT,TGCAAAGGCTTAGAT,1
TGGGACCTCCAGTCA,TTAGGTCAGGACAAA,1
CATAGTCTGAGGAGG,CCTCATGTGGAAATA,0
AACCGATCGGCTGGA,TTCCCGGGATTGTAA,1
GACGTTGAACCGTCG,GCACATCGCTCAGGG,1
AAAGCCGATACATCA,TCTATGGGGGAGACC,1
AAGCTAGTCGTATCC,GGCCTCAGAGGCACG,0
CAGCGCTGGCTTGAC,TTGTGTCCCTAACTG,0
ACTATTGCTTCCAAG,TAAAGCACCTTATCA,1
CCTGCTAGTTACCCT,TGAACAATAAAATCT,0
CTCGAAGTTCGGTGT,TCTAGTTAGGCCCAC,1
CGTATTCGCTCCGCT,GAGATCCTAGCAGGG,0
AAGTCCGCTCAAAGG,AGTATCAGGACAATT,0
AGATGGCCAGATATA,AGCATAAGAAAATAT,0
ACTCAGCAACAACCG,GACCAAGAGGCATGT,1
ACGGCTCGACAACTG,TCCAATTGGGTTGTG,1
ACTATTTTTATAGAT,TTCCCCAACGCTGAT,1
GTGTTGACGGTTTCA,GTGTTGTCAGTTAAC,0
AGGGAACCGAAAATC,ATACTCGCGTGCTCT,1
ACTATTGCTTCCAAG,TTGTAAGCGTCCCTT,1
CCGCGGTACGGAAGC,TAGCTCGAGCGCTAC,0
CCAACCACAGACCTG,TGGGACCTCCAGTCA,0
CCAAAATGAAGGGAT,ATTCCTATAGCTTCA,0
CCCCGTACAACTGAT,ACGAACGCGTGTGGA,0
GGACCCGACCGATCC,GTTATCTCTGGGCCA,0
GCACATCGCTCAGGG,GGAGACGGGAACCGT,1
CGAACCGGCGCCCCC,GTATTGTACTCTTTA,0
ACCCGCGTCAACTCT,TTAACTGAGTGAGAG,1
CAAACTTAACAGTAC,ACGGAGGAGCACGTG,0
CCCAACCAGCTGAGC,ATATTGAGAGATCTG,1
ACCTTGGCATTGCGC,ACTCAGCAACAACCG,1
CTGTTAACGTCTCCT,TGCAGGGACGCTTCT,0
AATGTATTAGACTTT,TTCAAAGAATATGGT,1
CCCTATTAGTATAAT,ATCTCCGCAGAGTAT,0
ATGAGGGATATGACT,TCTTCCAGTGCCTCC,1
ACCTTAAGGCTTAGC,TCGAGTTTCCGATAA,1
CTGGGAGGGACATTT,ATATCGGTCCTTCCA,1
ATCATTGTGCTACCG,ATGATCCACGTCAGG,0
CCGATACCGCCAGGA,TCACGCAGTGATGCC,0
ATGATCCACGTCAGG,GTGTGATAACACCTG,0
AAATTCTAGAGGGAC,TCATCATCCTCAGGG,1
CCTATCGTGAATTGA,GTCGGTGCCTACTGG,1
ACAGGGCAGTGTAGG,TTTATCAAATCGAAT,1
CCTTAGTGCCCTGGC,GGGAATACCACGGGA,0
CCTCGTCCCTGTTCC,ATCTTTACTAATAAG,0
TCACTCTTATCGCGT,TGCCTATATGACTTT,0
CATAAACCTCGCCAG,CTGGATACGAATGAG,0
ATTTCCGGGGCATGT,TCAGCTGAAGAAACC,0
GAGCAATAAACGTGG,GAGCTCAGGGATAGG,0
CTATGAAACGTTTCC,TGATCTCGTAAGCTA,0
GAACCGCTTCCTTAC,GCGTTGATCTTACTT,1
CATAAACCTCGCCAG,CATTTAGCGGGTTCA,1
CACTGTTCCATTCTA,GTGCGCTAGATGCAC,0
CTGCCCTTTCTGGTG,AAGGAGATGGTTGAA,1
ATGCCTATACTACCC,TACTATTGAGCTAAC,0
AAATTCTAGAGGGAC,ACTCTTGAGGATGAC,1
TAAACGGAACTGCGA,GCGTACCAATTTGCA,1
GAGCTGCAGGTGGGG,GGGATCTCACATATT,1
AGTATCAGGACAATT,TTTTACCTCATACCT,1
CAGCTGTATTGAGCG,AGGCATACTCTTTAA,0
ATGTAATCGGAATTG,TACTAGGTAGACCTG,0
ACGCCGTTAGTAAGT,GAGTCAGCTGATGAA,0
AATCCCTCAATCTTG,TTGAGGGGAAGTCGT,0
AAAACCTTAGGGCGG,TATGAATAGCACATC,0
AGCCCGCGTGTGTCA,GAGGTGCTGTCGTGC,1
CCCCTTCTCTCAGCA,ATTGTGTGTCGTTCC,0
ATCCTCAGACTTTAC,GTCATCGCCCAGTAG,0
CGTAGGGAGGGCATT,TAGCCCCCCGCTAAC,1
TAGCCGGTGATCAGG,GTCGCCAGCGATATC,1
ACTAATTACGTTGTA,TGCGCTCGAGTGCAC,1
ACACATATGCATATA,TAGAACATCCGGGAG,0
TCTACCAGTATTAAG,GCTGATGTCACGGAA,0
ACTCCTTTCGTGGCC,GTGTTATCACCTGTA,0
ACGTACCTGAATGTA,TCATGAAATGGCACC,0
GAACTACCGTCGGCT,GCTTTCTTTTACTCC,0
TACCCGGGCTTTCGA,GGACCCAAACATATT,0
CGAGCAGCTATGTCA,GGACGCCCCAAGGGG,0
TCAGACTTTCGTGCA,GAGCTGCAGGTGGGG,0
TAGACCGGACCGGCA,GGCCCTCTTGAATGG,1
TGGCAGTACCCGATT,GGTTGCTTTTGCCCA,1
CTTTTCACACTGCGC,TCTCGTCTATCGCAT,0
CATCGTACCCACCTT,CTGCGACTGGGAATG,1
CTGACGACCCGGCGG,TGCGAAACGCTACGG,1
AGTATGCGTTTGACC,ATCTGGCTAATTAAT,1
CATACTAAACCTCTA,CGAGTTTAGATGCGT,0
AAGAGAAAATAGTGG,TATCATCTAACCGTG,0
AAGTGGGGAGTCAGC,TCGCGATCGCCATCA,0
TCTGACCCACAAGTT,GAGCAATAAACGTGG,0
ATTCAGCGTTAGGTC,GCACGGATCCCAACA,0
CAAATCGACAGTCTA,CTCCCTTAGTCGTAA,0
CCGACCTTGCCATAC,TATCCTCATCATTTT,1
TAGTTTATTGTCACA,TATCAGGCTGTTTAG,1
AGGGAACCGAAAATC,TAGACCGGACCGGCA,0
AAAAGAGCAGGAATT,ACACATATGCATATA,1
CCGCCTAACCGTTAC,ACTCCTTTCGTGGCC,1
CGGCTTGCCCTAACC,TAACATCCGGGGACT,0
CCATGCGGTACTGGA,GCCCGCATTAATTCG,1
TTACACAACTGGGCA,GTAGCCCGGCGATAT,0
GCCGTACATCAGCAG,GGGCAGAGCTTGACA,0
CAGTCCTTCGCCTGA,TTATCTTACTGAGCC,0
ACGACACATGTGAGA,TGTGCAACTGCCCAC,1
CATAGTCTGAGGAGG,ACAATATGTCACGGC,1
CAGCCGATCTTGGAG,GCAACGCATGAGGCC,0
CATTTAGCGGGTTCA,AATGTATTAGACTTT,1
CTATGAAACGTTTCC,TTGGGCCCGTTGTAA,0
CTATCATGCTTCGGC,AGGACTATCTAGATC,1
CCTCTGGCTTACCGG,GCCGAAGTTCCGGAG,1
CCATCCAAGTAGGCC,AATCCACGAGCAATA,0
AAAGGCACCAACGCG,GCACGGATCCCAACA,0
CGCCAGCTCCTGCGC,AGTTTCTCGCAAACC,0
CCGCTGAGGTTTAGA,GCACTCTTCTTCTCC,1
CATTTAGCGGGTTCA,TCCTTCGGGACAAAG,0
AGTTTGGGCCGCTTG,GAGCCAAAGCGTTAG,1
CCACCATGCCTTCCC,GCAGGCGTAAGGTAC,1
TCCGCTGTGCTTCTA,TTATGATCGCATCTA,1
TACTAGGTAGACCTG,GTCCCCCGTTCTAAC,1
AGTTGTATTCATCCT,TCACGCAGTGATGCC,1
ACTGGAGTACGAGGC,TAACACGAATCCGCC,1
CTGGAAACACTCATG,TGATCTCGTAAGCTA,0
CGACCTGCAGCATTG,GCTGTCACGAACTTG,0
CTCGGTTTATAGCTA,ACTCTTCAGGTTGAA,0
TTTCTCCGCAGATGT,GACGCAATGAGCTGC,1
TCAGCTGAAGAAACC,TCTATCTTATGCTCC,1
AGCCACCGTAAAGCT,AGTTGTATTCATCCT,0
CATCAAACGTAACAA,ACGCGCTCCAACGAC,0
GATTGATACCTTAAA,GCAATTCCATCCGTG,1
TTGCGCCCTCAGCCC,GGCTTCCCGAATGAG,0
AGTATGCGTTTGACC,ATACTCGCGTGCTCT,1
CCGCGGTACGGAAGC,AAAAAAGAGGACAGT,0
TAATGGGGCAGGAAG,TCTGACCCACAAGTT,0
TCTAGGGTAACGGCG,TGCTCCCGCCCACGT,1
AGCTTCGGCGTCGTG,TCGGTCATTTCCCGC,1
TCTTCCAGTGCCTCC,GACTCGGCCGCGCTG,1
CGTGGGCATTTGGAT,TTGGACGAGTTGTTC,0
ATCGTGTACTACAAC,TTAGGTCAGGACAAA,0
TAGCTCGAGCGCTAC,GTCTAAGCGACCGTC,1
ATGTTTTAGGAAATA,TATATACACTGCTTA,0
TCACTCTTATCGCGT,TGAGGGTCATTCACT,1
AGCTTAACAAAGAGT,AGTGCTGTCATACAA,1
TAGCCGGTGATCAGG,TATAAAGAATCAAAT,1
CACGCGATAATGAGC,GAAATTCCATATAAC,0
AGTATCAATAGGGAG,TCTCCTTCAAGCAGA,1
AGTTTCTCGCAAACC,GCTGTCACGAACTTG,0
AGTGTCCAAAGAATC,TACATAGTTTTCGTG,1
CAGCAGGCGGCTTGT,GTGGGTGGCATTCCC,0
CTGAACAGTAAGATA,GAGTTGACCCCGGTA,0
TCTCGTCTATCGCAT,TGTATAGCCCCAGTT,0
CTTGTAATACTTACT,AGTTTCTCGCAAACC,0
TCCGCTGTGCTTCTA,TCTTCGAGTATGCCA,1
AACGGAGCAAAAATG,ACCGTGGCGAACCCC,1
AGAAATGTATAGAAG,GCGTACCAATTTGCA,1
CGGGTAACATTGGTA,GTACTGTCGCGCGCA,0
AGTATGCGTTTGACC,TCTAGGGTAACGGCG,1
CAGACTGTCCCTAAT,TGATTACCAAACATA,1
CGACTCGGAGCTAGG,TCATGAAATGGCACC,0
AAAACCTTAGGGCGG,ATCGTATCTCATAAG,1
CGGCATCTTAGCCCT,TGAGGGTCATTCACT,1
TGCATACGACGCTCG,GCTCCCTCAGGGTAC,0
CACTCGGTTGCGACG,CTAGAGGTCAAGCAA,1
ATTACGAAATCTCTG,GCGTTGACAAATCTC,0
CCTAGTCACTATACT,GATGGGTTACCTGGT,0
CGGTTCCGAAACCTC,CTTCACAGGCAACTA,1
TGATCTCGTAAGCTA,GGCGACTGGGTAAAC,0
ATAATCGTTCCTCGA,TCACGCAGTGATGCC,0
ACGGGTGGTGAGGCT,GCACTCTTCTTCTCC,1
CCTCGGTAATAGACT,ACCACGACCAATGAA,0
ACCGCACACAGAAGT,TCCTACCGGGCTCAA,1
ACCTGGCTTATATTG,AGGCCGTCATTAAAT,1
TACAAAGTGCAGGGA,TCTGGAACTCTAGCG,1
CCTACGTACTCACCG,GACTCGGCCGCGCTG,1
CGATTATGACCTGAT,ATCGGAAAGTCGGAA,1
ACTAATTACGTTGTA,TTCAAAGAATATGGT,1
GATAAATTCGCATAA,GCAGGCGTAAGGTAC,1
ACGGCTCGACAACTG,ATATTGGCCCATTGA,0
TTCATAAAACGTTCC,GCACATCGCTCAGGG,0
ATCATTGTGCTACCG,TAATGAGTACAAAAC,0
CCGAGGATTTCCGCG,AATGCTCACTCGCTA,0
CAGCTGCGCACGCCC,AGCGGGCCATTGCCT,0
CACGCCTTGGATACG,TCACCAGGAGAAGCC,1
TCGATCTGCGATTAG,TTCGGATCCCACCCA,1
TTAAACGGGCACTGA,GACCCGGTCCTCGAC,0
ACCAGGTGTGTGCTT,TAGTTTATTGTCACA,0
AAGTATAGGGACACG,TCCGTCCTCCCACCG,0
CGCCAGCTCCTGCGC,GGACCCGACCGATCC,0
ACTACTCGTGGGGAC,TAAAGTCGATGGAGC,1
CACGCCTTGGATACG,CCTCATGTGGAAATA,1
CTGCGACTGGGAATG,GCAGATACGGTTGTG,0
CTATGAAACGTTTCC,TCCGCTGTGCTTCTA,0
TCCTTTTATAGACGT,GGGCTTTCGAAGAAC,1
TCCAATTGGGTTGTG,GTCGGTGCCTACTGG,1
TTGAACAGGGCACGT,GAGTGAATTTAGGGG,0
ATAAGGTATCAGGAG,TCGACTGTTGTATAA,0
AAGACAGTCACCGTC,GACCAAGAGGCATGT,1
CGGTTGAAGCGTCAG,ATTTCCGGGGCATGT,1
AAGTATAGGGACACG,ACACGCACGAGTCAC,1
TAGCCGGTGATCAGG,TGACTACCGTCCGAA,0
ACGTACCTGAATGTA,GACGCAATGAGCTGC,1
CGCCCAATGATATGG,GGTTCGCGTCAAACG,0
ACAGATTCGAGTTAC,TTATTGCTTGACGCT,0
ACACTCCCCATGAAG,ACATGACGGGGCAGT,1
TAAGGACCGCGGTTG,TCGAGGTGGCCCTGC,0
CACAGGGACTCTAGG,TGCTGGCATAGCCCC,0
AGGTTTAGGGAAAAC,GAGGAAGTCGCCTCT,1
TTCCCGGGATTGTAA,GCGTACCAATTTGCA,0
TATCAAAACCGGTCG,GGTTGCTTTTGCCCA,1
AGAAGGCCTAGACAC,TCATCCCCACAAAGC,1
CCGTAGTCGACTGAT,ACGACACATGTGAGA,0
ACAAAAGAGTACGGA,TACTTACAACGAGAG,0
TACGCATCGTCGAAA,GTTTGGAGGCTGATC,0
CATAAACCTCGCCAG,CTCGAAGTTCGGTGT,0
TGGTCTCGGCAGCCC,GACGGTATAAGTACA,1
CGTTACATGATAATG,TGCGCTCGAGTGCAC,1
TTCACTGGGGAGTTA,GCTAGACGCCGCGAC,0
CAGCCGATCTTGGAG,GACAACCTTCCCCTT,1
CTAAGGACTCACTGG,GAACTACCGTCGGCT,0
CCGACGTTCCCATTA,CTACCTGTTTTTTTA,1
TATATAAGAGACCGG,TTCACCAATTATTGA,1
CTATTCGCCTGGGGA,TGCGCTCGAGTGCAC,0
CTTGCGGTCATACAC,GGTTCTTTATCTCTT,0
TCACTCTTATCGCGT,TTTCTCCGCAGATGT,1
AGAACCTTCCTTTCC,GCTAGCTACTCTCAG,1
CGCCAGTTCTTGGGC,CTGCCCTTTCTGGTG,1
TACCGAGTACGCTCC,GGTTTGTTGCGTTAA,1
TTACTTTATACATAC,GTTGCAGTCCGATCT,0
CAACGTTATCCTGTC,CCGCACGGGGACGAA,0
AGTGTCCAAAGAATC,TCTCGTCTATCGCAT,1
CCCCTTCTCTCAGCA,CTCCTCTTCTCGACT,1
TAGTTTATTGTCACA,GCGACTAGGATCATC,0
AATCCCTCAATCTTG,GGTTGCTTTTGCCCA,0
AAGACAGTCACCGTC,TGCTCCCGCCCACGT,1
ACGAATTTCTTACAG,GACAAAGTCGTGCCT,1
ACTCCTGCGAATTCC,ATAAAGCAGAAAAAT,1
ACAGGCGGACGGTGT,ATTATTGGTTTTAAA,1
AACCGATCGGCTGGA,AGTGTCCAAAGAATC,0
ACTTTGATCCAGGCT,GAGAAGCTTCACGGT,0
TCGTGTTCCGGTCGG,TTTCAATCTGATGGC,1
CTAGAGGTCAAGCAA,AGTCGAAACTACTTT,1
GCTGACCACCTCACG,GGCATGTCCTCGGCG,0
ACCGTCCATCGCCGC,GGGTACGCGGCTCGC,0
CAGCACCGCCTTCAA,TGCGCTCGAGTGCAC,1
CAGTTTTATGAACTG,GCTCTTAGGGTGGTA,0
AGGACACGTTTTTGG,GTCTCCGCATTTCAC,1
CCTCCAAATTCTAAT,GCCGTACATCAGCAG,0
TATTTTACACATTGT,TGGGTGTGCTGTACA,1
ACCACGACCAATGAA,TGGGGAGAGGAATTG,1
CCTCGGTAATAGACT,TCGGTCATTTCCCGC,0
GCTATCTAGGTGTAG,GGATGAACACAGTAG,1
GGCCCTCTTGAATGG,GGCCTTGGACCGCGT,1
CCCTTCGAGATTTAG,GCCCCAAAACTTATG,1
TCTTCCAGTGCCTCC,GTGGATAAGCCGTAG,0
ATAATTAGCATCCCG,ATATTGGCCCATTGA,1
ACCGGAGAAAGCAAC,AGGGTACGCCTACCA,0
ATTCCAGTCTGTGAC,TTTTAGTCTGATGCC,1
CGTATTCGCTCCGCT,CTATGAAACGTTTCC,0
ACTGGAGTACGAGGC,GTTATCTCTGGGCCA,0
TCTATGGGGGAGACC,GAATTCTATCGTTGC,0
CCGACCTTGCCATAC,GAAGGGTCGTCTCCA,0
CTGACGACCCGGCGG,AAAACCTTAGGGCGG,0
TATTTTACACATTGT,TGTCGTCCTTTCGTT,1
CTCCAATTCATATCG,AGCATGGAGCTTAGG,0
CCCGCGGATAGTGTG,AGGAGAATATAAGAG,1
TACCTGAACGAGGGC,GCTATTGGTGATGAG,1
CCGATATACGCGTAC,TACTAGGTAGACCTG,1
CCGCGTATTGGCATA,ATTGTGTGTCGTTCC,1
ACCGGAGAAAGCAAC,ACGTACCTGAATGTA,1
CACCGTCCGAAAGCT,TTATTGCTTGACGCT,1
AGGCTATGACGACTT,ATGTAGGAGTTAAGT,1
CAACACCTCGTTTAG,ATCGTGTACTACAAC,1
CTGGAAACACTCATG,GTCTGTGAGTTGAGA,0
TAGAGGTGCCCAGTT,GTGCGCTAGATGCAC,0
CGGTTAAGACTTCCC,GGAGACGGGAACCGT,1
ACAGACCTACCGTTG,GCACATCGCTCAGGG,1
GAGCAATAAACGTGG,GGGAAAGACCCGTCG,1
GAGACCTTTCGTGTA,GTCTACGACTAAAAG,0
CCGGACAAAAAGTAA,TTACACAACTGGGCA,0
CCCAAGTTGCAAATG,GTCAGATACCTCTTG,0
CGAGTTTAGATGCGT,AGGTTAAGTTCGATT,0
CCCGAAAATGGATCC,GGCGAGTGTGGATAA,1
ATCTTTACTAATAAG,TTAGGATACACTACA,1
TCTCCTTCAAGCAGA,TGCTGGCATAGCCCC,0
CGTGCCGCCATCGGC,TATCATCTAACCGTG,1
TCATCATCCTCAGGG,TCGAATCTATAGACA,1
CCAGTAGCTCTAGTG,GCAGGCGTAAGGTAC,1
AGCCCATGTACAGAT,GGTTCGCGTCAAACG,1
CAAGGGGAATTTCTC,GTGGGTGGCATTCCC,0
TAAACGCTATCTTGG,TTATGATCGCATCTA,0
ATGTAATCGGAATTG,GACGAAGGACTGTCA,1
CTCGACTATAGATGA,GCACTCTTCTTCTCC,1
CGGGTAACATTGGTA,GTCCGATGGTAACGA,1
TTTGCGGATGGTATG,TTTTAGTCTGATGCC,1
AGATGGCCAGATATA,ATAGCAAGTCCTGCG,0
CAGGTGACCGACGGT,TCTGGAACTCTAGCG,0
TCGTGTTCCGGTCGG,GTGCAATACTAGAAA,1
CGCAGCGTCATTAGG,GCGATTCGCTGAGTC,0
CCTCATGTGGAAATA,AAAGGCCCGTTTAGT,0
CCAACCACAGACCTG,GTGTAACTCCCACAA,1
AATTGGCCCAAATTG,TCACTAGATCTCATT,0
TTAATCAGCTAACCC,GTCTTTCAAACTAGA,0
AGGCATACTCTTTAA,GTCTACGACTAAAAG,1
TACCGAGCTTAGTGC,GTGGATAAGCCGTAG,0
CACTAGTTCTTAGAG,ACCTTGGCATTGCGC,1
CGTATTCGCTCCGCT,ACTGACGAGATCTCA,1
CCTAACCCAATAGGC,TGATCTCGTAAGCTA,1
CGGGATGCTGCCCTC,GAAGGGTCGTCTCCA,1
AGCCCGCGTGTGTCA,TTTGACCCTTGCGCG,1
CTCGACTCGACACCG,TTGGCTCATGACCGC,1
CCAGATTGCACCCGA,CCGTTGAGATTCAAC,1
AGAAGGCCTAGACAC,ATTCAGCGTTAGGTC,1
CCCTAAGGATATATA,GTACACTGACGAGGA,0
CATTGGTGAAAGGTT,CTGTTTGCGTGCAGT,0
ATCGTATCTCATAAG,GCCCGCATTAATTCG,0
ACACACGGGTGGCCC,TCTTCGAGTATGCCA,1
CCGGGGAGTGAATGA,ATCGTGTACTACAAC,0
CTCTCTGAAAGTGCT,GGCCCTCTTGAATGG,1
CGTTACAACCTGGAT,GGTAACGGTTCTTAA,0
CAAACCGGCTCACCT,TAACATCCGGGGACT,0
CAGCGCTGGCTTGAC,ACACACGGATGGAAG,0
CCGCGTATTGGCATA,GATTTCGAGCACTAA,0
CAAACGGCCAGGTAA,TGAGCTTGAACCGGA,0
CGTCAAGTATAAAGT,AGGACTATCTAGATC,0
CTATTCGCCTGGGGA,TAGCTCGAGCGCTAC,0
CATAAATTAATTGTA,GCCCCCTCAAAAAAC,1
AGCGAGTCGCTTCAC,TACCTGAACGAGGGC,1
TGTGCAACTGCCCAC,TTTGCTACTCCAGTC,1
TTTTAGTCTGATGCC,GGAAGAGCTTCGACT,0
CCCCGTACAACTGAT,TAAACGGAACTGCGA,0
TACCTTCCGACAGAG,TGGGTGTGCTGTACA,1
AGCCGGCAAGTGGTT,GACGAAGGACTGTCA,1
CCTATTCCCGCCCGT,ATCGGGGGCGGCCCT,1
CGTAGGGAGGGCATT,GAAATTCCATATAAC,0
TTAGGCGAGGTCGAC,TTGTCGAATAGGACA,0
TCTACACATTCGGTA,TTGAGTCAGACTCAC,1
CTGACGACCCGGCGG,ATGTCTTCTCCGATA,1
CGTGGCCTTCTGATC,TAAATTAAATACTTG,0
CCGACGTTCCCATTA,AAGAGGGGTTAGGGC,0
AGGCTATGACGACTT,GTCTGTGAGTTGAGA,1
CCCCTTCTCTCAGCA,TCGAGTTTCCGATAA,0
CGGGCTACTTTCCTG,ATTTTAGCAGGTACT,0
CCAGTAGCTCTAGTG,CTCGACTCGACACCG,0
GAGTTGACCCCGGTA,GGATCGCTGTGAGAA,0
ATAAGGTATCAGGAG,GCCCCCTCAAAAAAC,0
TCGGAGTCAAGTCAC,GAATGAGTTTCCTTA,0
CTAGACCTTATAGAC,ACATGAACCAATGGA,1
ATTGGTTGTAATTAA,GTACGGCTGAAGACG,0
CGAGACATCAATTGG,TCGTCATTGGTGGGA,1
CTATTCGCCTGGGGA,CTGACGACCCGGCGG,0
AATGATCGCACAGGG,TTGCGCCGGCAAATA,1
CCTGGCGAAAGAGTT,TTGGACGAGTTGTTC,1
CAAGGGGAATTTCTC,GAGCAATAAACGTGG,0
AGTTGTATTCATCCT,GTCCCCCGTTCTAAC,1
AAGAGGGGTTAGGGC,GATATGCCTCATCGG,1
AAAACCTTAGGGCGG,GTCAGATACCTCTTG,0
ACTGAATATACAAAA,TTATGATCGCATCTA,0
CCGCACGGGGACGAA,TAACACGAATCCGCC,1
AAACTGGTGCTAGTC,ATGATCCACGTCAGG,1
TCTCAGCGTTCGTAC,GTTATTAGATGAGAG,0
ATTTGGCCCCGTGTG,TCGATCTGCGATTAG,0
AAGAACGGGATCGAG,GCAGGCGTAAGGTAC,0
TACCGAGCTTAGTGC,GGCGACTGGGTAAAC,1
CTGTTGTTGCCATAA,TCGAGACCCGTCAAT,1
CTGGATACGAATGAG,ATCATTGTGCTACCG,1
TATCATCTAACCGTG,GTATTGGCAGCGTCG,0
CCGATACCGCCAGGA,TGGGGAGAGGAATTG,0
CCTACGTACTCACCG,GAACCGCTTCCTTAC,0
AATTCCGCTCGTCGG,TCGTCGAGTAGGGCT,1
CGCGCAGTCGTTTCG,TCACTCTTATCGCGT,0
CGAAGATGTGCGCGA,ACCTTAAGGCTTAGC,1
TCTATCTTATGCTCC,TGAGCGTAGGTATAC,1
GATTTCGAGCACTAA,GTGAAACAAACGGGG,1
ACCACGACCAATGAA,TCAATGGGAAATACG,0
CCCGAAAATGGATCC,TAGCCCCCCGCTAAC,1
TACTATTGAGCTAAC,TGGGGTCTTTCAGTG,0
CTGACGACCCGGCGG,ACGAAGTGCTCCCGT,1
CGAACCGGCGCCCCC,GGCATGTCCTCGGCG,0
CACGCCTTGGATACG,AAAGGCACCAACGCG,1
TTGCGCCGGCAAATA,GAGAAGCTTCACGGT,1
AAAGGCACCAACGCG,TCGTCGAGTAGGGCT,0
CGAAGACTGATACCT,AGCCTCACGGTCCTA,0
CGCCAGCTCCTGCGC,CGCCAGTTATTCGTA,1
TCCTTGATCCATTAT,GGCAACTCCGCCCCA,0
CCCGATTAATTCCGC,ACTGAATATACAAAA,1
TAAGCGCCATCTTGC,TTCCCCAACGCTGAT,1
GACCCCTGCACGTAC,GCTAGACGCCGCGAC,1
AAATTGAGGGGACGG,ACAGACCTACCGTTG,1
CTCCTCCGCAAAGCA,CTCGATTCCGGAGGG,0
CGGTAACACTGTTCC,TTTCGTATATCTTTA,0
ATATCGGTCCTTCCA,TCCAACCCTTTTGGC,1
AGCTAGAATCTGGGG,GGCGAGTGTGGATAA,0
ACTAATTACGTTGTA,TCGGTCATTTCCCGC,0
ATAAGGTATCAGGAG,GTCTCCGCATTTCAC,0
CACTAGTTCTTAGAG,GGGCTTTCGAAGAAC,0
ACGACAAGGCTCAAA,TGCGCTCGAGTGCAC,1
AAAATAGCTCGGATC,ATATTGAGAGATCTG,1
ACCACCGTCTTAGGC,GACAACCTTCCCCTT,1
ATCTCTGTTACTTCA,TCTTTCTCCATCATA,1
TCTCAGCGTTCGTAC,TGGGAAAGCATGTGG,1
CGGCTTGCCCTAACC,ATCGTGTACTACAAC,0
CTTGGTTGCTCAAGT,GGGAATACCACGGGA,1
AGCTGGAACACGCTT,TAGAACATCCGGGAG,0
ACTTCTGCCTGCCTA,ATACAGGTTGCAGAA,1
TCGAATCTATAGACA,GCTAGAGCCACTTTC,0
ATGGCGAGGCTGTAA,TGTGATCAAAGTCGA,0
CGTAGGGAGGGCATT,TTCGGATCCCACCCA,1
CCGACGTTCCCATTA,ATCAGTTGGTCCTTG,1
TCATAGGTGCAAGCC,TTCGGTAATATCGAC,1
ACGAATTTCTTACAG,TCCTTGATCCATTAT,0
CACTAGTTCTTAGAG,TTTTAGTCTGATGCC,0
AGCATGGAGCTTAGG,TCACTCTAGGCAACT,0
ACACACGGATGGAAG,ACGACACATGTGAGA,1
CCCTTACACGTCCCT,GAGATCCTAGCAGGG,0
TCCTACCGGGCTCAA,GTATCAGGGTACAGA,1
TGGGACCGATTCCAC,GAGACCTTTCGTGTA,0
ACACATATGCATATA,TTTCTCCGCAGATGT,1
GGCAACTCCGCCCCA,GTCTGTGAGTTGAGA,1
AGTTGTCAGTCCAGA,TACCGAGCTTAGTGC,0
ATCATTGTGCTACCG,GATTTCTAGACGATG,1
CGAGTTTAGATGCGT,TTATTAAATCAAGTT,1
TTAGGATACACTACA,GGTTCTTTATCTCTT,1
CCCGCGGATAGTGTG,GTCTTTTTATCCAGA,1
TAGGAGTACATTCGC,GGGCAGAGCTTGACA,0
CATCACGCTGGGATT,TCTTGGGGTATAGAT,0
TAGACCGGACCGGCA,GCGTTGATCTTACTT,0
AAAGGCCCGTTTAGT,GCCCATGTTTTTACG,1
ACACACGGGTGGCCC,ACACAGTCCTCCTTT,0
CAGCTTATGCCACAA,ATCGTGTACTACAAC,1
CCCAAGTTGCAAATG,TCGGTCATTTCCCGC,0
CGAAGATGTGCGCGA,ACGCGCTCCAACGAC,1
ATTCCAGTCTGTGAC,TACCGAGTACGCTCC,1
CCGCGTATTGGCATA,CCTGGCCCTTGGAGC,0
CACAGGGACTCTAGG,ATAGCATGTCCCGCT,1
CATAAATTAATTGTA,TTAGGATACACTACA,0
CAAACCGGCTCACCT,CTATGTCAGCACCGC,0
CATAGTCTGAGGAGG,CGGTAGAGTATTCAC,0
CACCGTCCGAAAGCT,AGTTTGAAACGTAGC,1
ACGACTCAAATTGCA,GTCATCGCCCAGTAG,1
CCCTAAGGATATATA,AGTCGTTCCCTGAAA,0
AGCCAGTCCCTTACG,TAAACGGAACTGCGA,0
CCCGAAAATGGATCC,CTGCAGGTGGTGTGT,1
ATGCCTATACTACCC,TTGGACGAGTTGTTC,0
CCTCGGTAATAGACT,TTAAACGGGCACTGA,0
ATAATTTCTGAAATT,TCGGAGTCAAGTCAC,0
TTCGGAGCAAACGTC,GATTTTCTATGCGGA,0
TCTAGCGGCCGCCGG,GGGCTTTCGAAGAAC,0
CGAGTAGTGAAAGCC,GCTCCCTCAGGGTAC,1
CATTCCTTGTCTCGA,TTCGGTAATATCGAC,1
TCCAACCCTTTTGGC,TGTGTGGAATTCATG,0
AGCCCGCGTGTGTCA,GAGCTGCAGGTGGGG,0
CTCGGTTTATAGCTA,ACTCGGGTCATACTG,1
CATAGAAGTCTCTAA,AGGGAACCGAAAATC,0
CTTTAGTTGAAGGAA,ACAGGGCAGTGTAGG,0
AAGTGGGGAGTCAGC,GGAAGAGCTTCGACT,0
CAGCCCTCACATACT,TGTTTCTCTTTAAGG,0
TAGAACATCCGGGAG,GTAAGACAGGGTCCG,0
GCACTCTTCTTCTCC,GCTTAGCACTGGAGC,1
ACCTTCGATAAATTC,TTTCTCCGATGGGGC,1
CGAAACCTAATAAGC,CGCTAGTGAAGGCAC,0
GATTTCGAGCACTAA,GCCTATGTTTCTCAA,1
TTTCGTATATCTTTA,GCCCCAAAACTTATG,1
ATCTGAGATGCCCTC,TAAGGACCGCGGTTG,1
GGGAGACCTAAGCAA,GTCTTTGACATGTTC,1
CAACACCTCGTTTAG,ACGTTGTATTACTCT,1
AGTACCGGTCCTGTC,GAATTAGGACCTTGC,0
CCTGGCCCTTGGAGC,TACCTGAACGAGGGC,0
GACGAAGGACTGTCA,GGCGACAATTAGGCG,1
GAATTAGGACCTTGC,GGAGACGGGAACCGT,1
AGTTTCTCGCAAACC,GTATTGTACTCTTTA,1
AGTTTCTCGCAAACC,GTTGCAGTCCGATCT,0
CATCGTACCCACCTT,GCTATCTAGGTGTAG,1
CAACATATTGATTAC,AGTTTGGGCCGCTTG,0
CAATACTCAAGCTAC,ACTACTCGTGGGGAC,0
CGGTAGAGTATTCAC,TCTGACCCACAAGTT,0
TCCAACCCTTTTGGC,GAATGAGTTTCCTTA,0
ACCTAAGTGAAACCG,GTCCCCCGTTCTAAC,1
ATCAGGCCCGCTTAA,TCTGGAACTCTAGCG,1
CAGCCGATCTTGGAG,ACCTTGGCATTGCGC,0
CACAGGGACTCTAGG,GATTTTCTATGCGGA,0
CACGCGATAATGAGC,AAAAAAGAGGACAGT,0
AGCGGGCCATTGCCT,GAGGTGCTGTCGTGC,0
CGCGCACTCAACCAT,TTAAATCTGATTCTT,1
CCAAACGCCTGCCCC,GCTGATGTCACGGAA,0
GACAGAGGCAGCTGC,GTCTCTGACTAGAAA,0
AAAGCCGATACATCA,ACGAATTTCTTACAG,1
AGCTTTGAGCGGGTA,ATAGCAAGTCCTGCG,1
TCGATCTGCGATTAG,TCGCGCATGATCTCT,1
TGCTATCAGTATCGT,GATGAACCGCCATTC,0
CATTACCACTGACGG,TTAAACGGGCACTGA,1
AAGGAGATGGTTGAA,GAATTGCCGCCTTGC,0
ACCTTCGATAAATTC,GGTCGCGCAGGACAA,1
CACGAATCTTGCGGG,GGGTACGCGGCTCGC,0
CTCCAATTCATATCG,TGCCTATATGACTTT,1
TCTTTCTCCATCATA,GGAGGGCGGTGCCAT,1
CACCGTCCGAAAGCT,AGCATAAGAAAATAT,0
AAGAACGGGATCGAG,GCGTTGATCTTACTT,0
ACGGCTCGACAACTG,TTCACCTCAAAAGGC,1
CAAGGTCTACTGCGA,TTAGGATACACTACA,1
CCTATCGTGAATTGA,TGCTATCAGTATCGT,1
AGCTTAACAAAGAGT,GTGATAAGGCCGGCC,0
CAGCTGCGCACGCCC,GCTCTTAGGGTGGTA,0
TATCAAAACCGGTCG,GTCTACACAGTGTTT,1
CTCCTAGCCAGGTTG,GCCCATGTTTTTACG,0
TAATGAGTACAAAAC,TATCATCTAACCGTG,1
AGCGGGCCATTGCCT,GTGAAACAAACGGGG,1
CGTATTCGCTCCGCT,AACCGATCGGCTGGA,0
GAGCAATAAACGTGG,GCTGTCACGAACTTG,0
ACCACTTAAGGAGTC,TAGAGGTGCCCAGTT,1
ATTCCAGTCTGTGAC,TAGCTCGAGCGCTAC,0
TAAGGACCGCGGTTG,TTGGACGTTCCCGTC,1
GCTTAGCACTGGAGC,GGGGCGCCTGCGAGT,1
CCTTCTTGTAGGTCC,ATCCTCAGACTTTAC,1
AATGGGGTGGTGCGC,TGGGTGTGCTGTACA,1
CGAGTTTAGATGCGT,AGCCACCGTAAAGCT,1
CATCCCGTTGTATAG,CCAGTAGCTCTAGTG,1
ACTAATCGAGTGTAT,TGTAAAAGATCAAAT,1
CTTCCAGTACACCTC,AACGGAGCAAAAATG,0
CCTATCGTGAATTGA,ACACCAAACATTAGT,1
ACACAGTCCTCCTTT,GGAATAACGGGCAAA,0
CTAGTACGGAGAATC,TTACTGAGCTTATAC,1
CCCCTTCTCTCAGCA,CCTCTGGCTTACCGG,1
CAGGGGAAGAGACGC,ATCGGAGACAAAGGA,0
TCGTGTTCCGGTCGG,TTCGGATCCCACCCA,1
ATAGTGGACCAATTT,TCCGTCCTCCCACCG,1
CGGTTGAAGCGTCAG,AAATGATTTAGCACT,1
TTCGGTTACTACATA,GCTCCCTCAGGGTAC,0
CCTATGAGGGCACCG,ATTCCCAACCCAACA,1
CGAAGATGTGCGCGA,CGACAGAATCATCTT,0
CCCTATTAGTATAAT,CCTATCGTGAATTGA,0
CTGGGAGGGACATTT,ATAATCGTTCCTCGA,0
GAGTCAGCTGATGAA,GGATCAGCGCTAGGT,0
TCTCAGCGTTCGTAC,TTAACCCAATGTGCC,1
CCCGCGGATAGTGTG,ATGCCTATACTACCC,1
TAAACGGAACTGCGA,TTTATCAAATCGAAT,1
TTTACTATCTGGTGA,GTAGCCCGGCGATAT,0
TAGCCGGTGATCAGG,TTACACAACTGGGCA,1
TCCTACCGGGCTCAA,TTGGCATGCGCATCA,1
AGCCAGTCCCTTACG,GGAGGGCGGTGCCAT,0
ACCTTCGATAAATTC,TACGCGACGATTATT,1
GCTCTTAGGGTGGTA,GGTTCTTTATCTCTT,1
TTAAACGGGCACTGA,GTCGGTGCCTACTGG,0
CTCAGGTTTGGCATT,TCATATAAGTATTCC,1
ACACAGTCCTCCTTT,TACGCCCAACTACCG,1
AGGACACGTTTTTGG,GAGTTGACCCCGGTA,1
AAGATGGTTGTGGCT,ACCGTCCATCGCCGC,0
CGACTGCTGCAATCC,TGGGGAGAGGAATTG,0
TAGCTCGAGCGCTAC,GAATGAGTTTCCTTA,1
CGGTAACACTGTTCC,TTAACGACGTAGGAG,1
GAATGAGTTTCCTTA,GATAAATTCGCATAA,0
ACCAGGTGTGTGCTT,TGTTTCTCTTTAAGG,0
ACACACGGATGGAAG,GGAGTGATCGTCCGT,0
CTGTTAACGTCTCCT,ACTATTTTTATAGAT,0
AATCCACGAGCAATA,TGACCTTAACTCGGC,1
ACGCCGTTAGTAAGT,TTAATCAGCTAACCC,1
CCCGAAAATGGATCC,CCGAACAGACTATAC,1
AAAAAAGAGGACAGT,GACAATTTGCGAGAA,1
ACTAAAACGCGAATG,ACTCCTTTCGTGGCC,1
AAAGGCCCGTTTAGT,TTAGGTCAGGACAAA,1
TACTAGGTAGACCTG,GGTAACGGTTCTTAA,1
CTGCGACTGGGAATG,GGTGATTCGCTTATG,1
AGTTGTATTCATCCT,TATGCAATAGTACTG,0
AGCGGGCCATTGCCT,TGTCGTCCTTTCGTT,1
CACCATGCACATTGA,CGAAGACTTCTTACT,0
CGCCAGTTATTCGTA,ATCAAGGCGGCGTTA,1
CGCCAGGGATTAGCA,CTAGAAACCTATCCT,0
CATTGGTGAAAGGTT,AAGTGGGGAGTCAGC,0
CACGAATCTTGCGGG,ACCGATCGAATGAGC,1
TAACCTTGTCACCTC,GAACTACCGTCGGCT,0
CCGCGTATTGGCATA,TCGCGCATGATCTCT,0
ACCACGACCAATGAA,TAGAGCCGATCTACC,1
TCAACTTCAGACTAT,GGTGGAGCACTCTGA,1
CCGACCTTGCCATAC,CGGGCTACTTTCCTG,1
AACCACTGATTATAG,ACCGTGGCGAACCCC,1
AAGACTATCTAATAA,TATTTTACACATTGT,0
CTAGAAACCTATCCT,TGATCCAGAATTGGG,1
ACTATTTTTATAGAT,AGCTGTGTGAACCCA,1
TTCTTAGCACAGATG,GCAGGCGTAAGGTAC,1
CGGCCGTAAGTCAGC,ATTGTGTGTCGTTCC,1
CAACTACACTTTGGC,CCCTATTAGTATAAT,1
CCGCAAGCAGATTGC,GCTCTCAAACGAAGA,0
AGTGCCAGTCCACTC,ATAAAGCTGTACGAG,1
CCTGTAGGGAGTTTG,TTTGACCCTTGCGCG,1
AATTGGCCCAAATTG,TACCCTATGGCGTCC,0
TACCCTATGGCGTCC,TCCGTCCTCCCACCG,1
CAGTTAGTACATTAC,TCGCGCATGATCTCT,1
ACTCCTTTCGTGGCC,ATGAGGGATATGACT,0
CGCAGCGTCATTAGG,ATGAATGGAATGACC,0
TGGCCGGGGACCTCG,GCTAACGGCATTATG,0
TTTAGGGCTACGATG,GTGGATAAGCCGTAG,1
ACGTGATTCGAACCC,TGCGGACATCTTAAA,0
CAGTTTTATGAACTG,GCTAGACGCCGCGAC,0
CAGCTTATGCCACAA,TTGCGTAGTGCAAGC,0
AGCTTCGGCGTCGTG,TTGGCTCATGACCGC,1
AGCCCATGTACAGAT,TTGGCTCATGACCGC,0
AAAATAGCTCGGATC,TGCGTAGCTCACAGC,0
CCTAGTCACTATACT,CTCTCTGAAAGTGCT,1
ACGGTTGACCGGGCT,ATGCAATAACATAGA,1
ACAGGGCAGTGTAGG,TCCTACCGGGCTCAA,1
AGAATAGTAGGGCGT,TAATGAGTACAAAAC,1
CTGGATACGAATGAG,TCGGGGGCAAGGCTA,0
TACTCCAGCCCTGTA,TTTGCTACTCCAGTC,1
AAATTCTAGAGGGAC,TTAGGCGAGGTCGAC,1
ACTTAACAACAGCTA,TTGAACAGGGCACGT,1
ACGTACCTGAATGTA,GGAGACGGGAACCGT,0
AATCAGATTAGATCG,TTAAACGGGCACTGA,1
TTTTCAATGACCCGC,GATTGATACCTTAAA,0
CCGTGATCAAACTGG,GTGTTATCACCTGTA,0
AGCTTCGGCGTCGTG,TGCTCCCGCCCACGT,1
CCAGATTGCACCCGA,CGATTATGACCTGAT,1
AGCTGTGTGAACCCA,TGTATGCATGAGGAT,0
TCTGGAACTCTAGCG,GATGGGTTACCTGGT,0
CGTGGGCATTTGGAT,AACAACGGTGCGCTG,1
TGAGCTTGAACCGGA,GTAAGACAGGGTCCG,0
CGCCAGGGATTAGCA,TCGGGGGCAAGGCTA,0
TCTTTCTCCATCATA,TTCACCTCAAAAGGC,1
AGCCCGCGTGTGTCA,GAGGAAGTCGCCTCT,1
CAAGGTCTACTGCGA,GGCAACTCCGCCCCA,0
ATTTTCGATGTCGTC,TGTATGCATGAGGAT,0
TACACTAGTCCTTCA,GCCGAAGTTCCGGAG,1
TACCTTGCCGGGGGC,GTGCGCTAGATGCAC,1
AGAAACAGTGGAAGT,TGATCCAGAATTGGG,0
CTTGTAATACTTACT,ATAAAAGCACCCCTG,1
CATCGTACCCACCTT,TCTTTCTCCATCATA,0
CCTCTGCTCGACGTG,AGATGCAAACGCTGC,0
AACCACTGATTATAG,GTCCCCCGTTCTAAC,1
CAACTACACTTTGGC,AGTTTGAAACGTAGC,0
CATCCGCATACCGCT,CTTGCGGTCATACAC,0
GCGGCTCTCTAGTAG,GGGTACGCGGCTCGC,0
AGTTTCTCGCAAACC,TACTATTGAGCTAAC,1
AACAACGGTGCGCTG,GTGCGCTAGATGCAC,0
AAGACAAACGTCACG,GGTTGCTTTTGCCCA,1
CCTTCTTGTAGGTCC,ATAAAGCTGTACGAG,1
CGTAGGGAGGGCATT,CTGCTTGGTGGAACT,0
ATAATTTCTGAAATT,GCTTTCTTTTACTCC,1
AAAAAAGAGGACAGT,ACTGGAGTACGAGGC,1
CCTTCTTGTAGGTCC,CTCAGAGTGCGTAGC,1
AAAACGCATGGGTCT,GTCGCCAGCGATATC,1
CACCTGGGCGACTCC,TCGGCCTAGGGTTTT,0
TATCATCTAACCGTG,TCCGAGCAACTCCGT,0
TCCTACCGGGCTCAA,TTCGTTTACAATAGC,1
CCACCATGCCTTCCC,GCGTTGACAAATCTC,0
TTTAGCGGCCTAATT,TTTGTTATCCACGCG,1
AAAGGCCCGTTTAGT,TCCTGGGAGCGCAGG,0
CGGGATGCTGCCCTC,GGTTCGCGTCAAACG,0
ACCCGTACCCCCAGC,GTGCGCTAGATGCAC,0
CAGCTGCGCACGCCC,CCCCGTACAACTGAT,1
GCAGTTCTTGACGGT,GCCCCAAAACTTATG,1
CACCATGCACATTGA,AGTACGAGATTTAAG,1
AACCGATCGGCTGGA,GGCGAGTGTGGATAA,0
CGAAACCTAATAAGC,GGATCGCTGTGAGAA,0
CCCAAACGTACGACT,GCGCTGAAGGTGTGA,0
AGTTTGAAACGTAGC,TTACTTTATACATAC,1
TCCTTCGGGACAAAG,TTCGGTTACTACATA,1
CTCCTCTTCTCGACT,AGCTTAACAAAGAGT,1
ACACACGGATGGAAG,TGCTATCAGTATCGT,1
ATATACCCACTGGAC,TTGGACGAGTTGTTC,1
TCTTCGAGTATGCCA,TTTAGCGGCCTAATT,1
TATATAAGAGACCGG,GTGTAACTCCCACAA,1
CAGACTGTCCCTAAT,TACCCTATGGCGTCC,0
CACTGTTCCATTCTA,TAATGGGGCAGGAAG,0
CCTCCAAATTCTAAT,TGTGTGGAATTCATG,0
GAATGAGTTTCCTTA,GGACCGGGGACTAGA,1
TACACTAGTCCTTCA,TTAACGACGTAGGAG,1
CATGCAAAGATTCGA,GCTATACAGGGTATA,0
CCTGGCCCTTGGAGC,AAGAGAAAATAGTGG,1
TACATCGTTAAACCC,TCATATAAGTATTCC,1
CTATCTAGCTCATGT,ACGACTCAAATTGCA,0
TGTAAAAGATCAAAT,GGAAGAGCTTCGACT,0
CGGGCTACTTTCCTG,AGGTTCATCCGCGGG,1
ATTGGTTGTAATTAA,GACTCGGCCGCGCTG,1
AGCCTCACGGTCCTA,GGATCAGCGCTAGGT,0
AATCCACGAGCAATA,TCTATCTACCATGGG,0
TCAACTTCAGACTAT,GTCTGTGAGTTGAGA,1
CGAAGACTGATACCT,ATCTGGCTAATTAAT,0
GAACTCCCGTCGACA,GAATTGCCGCCTTGC,1
CAGCGCTGGCTTGAC,TTTACCCCGACCTTG,0
ACTCACAGGTATTAC,GAACGCTCGCGATAA,0
CACGCGATAATGAGC,TAAATTACCTCAGAT,0
TACATAGTTTTCGTG,GTCTCTGACTAGAAA,1
CATGGGACCTGCTGA,GAGCAATAAACGTGG,0
CATAGTCTGAGGAGG,ATCTCTGTTACTTCA,0
CTAGCGTTCACTTCG,TAAGGACCGCGGTTG,1
CTGACGACCCGGCGG,GCCGTACATCAGCAG,0
AGAGGTTGGCCCGAT,TCGGCCTAGGGTTTT,0
TGCGCTCGAGTGCAC,GTGGATAAGCCGTAG,0
CATACTAAACCTCTA,TCGGCCTAGGGTTTT,1
CATTCGGGGTGTCGT,CCCCTTCTCTCAGCA,1
CTCGACTCGACACCG,ATCGGGGGCGGCCCT,1
CTCCTCCGCAAAGCA,GACTCGGCCGCGCTG,0
AATTTATCGAGCATA,GGTAACGGTTCTTAA,1
AAGTATAGGGACACG,AGTTTCTCGCAAACC,1
CATTCCTTGTCTCGA,ATGAAGAAAGTGATT,1
ATACAGGTTGCAGAA,GCCCCCTCAAAAAAC,0
AAGTCCGCTCAAAGG,ACGAATTTCTTACAG,1
GAACTCCCGTCGACA,GCTATCTAGGTGTAG,0
CCACTAAAACTGCAC,CGTATTCGCTCCGCT,0
GAACCGCTTCCTTAC,GGTTCTTTATCTCTT,1
ACCCGTACCCCCAGC,TTTGCGGATGGTATG,1
TACCGAGTACGCTCC,GTGGGTGGCATTCCC,0
TATTTGGTAGTGAAA,TTAATGATGCCCTGC,1
CGTAGGGAGGGCATT,TCCGTCCTCCCACCG,1
GGTGTGCATCAGATA,GTATCTGCGGGATTT,1
CCCCGTACAACTGAT,TGTATGCATGAGGAT,1
AGTGCCAGTCCACTC,GAACGCTCGCGATAA,0
CTCGATAAACAGTGC,ATAAAGCAGAAAAAT,1
TCTATCTTATGCTCC,TTCCCGGGATTGTAA,1
TCCTTTTATAGACGT,TTGTGTCCCTAACTG,1
CAGGTGACCGACGGT,ACAAAAGAGTACGGA,0
AGCCCGCGTGTGTCA,TCTGGAACTCTAGCG,1
AGTTGTATTCATCCT,GCAATTCCATCCGTG,1
CTGCCCTTTCTGGTG,TTTATCAAATCGAAT,1
TAGACCGGACCGGCA,TTATGATCGCATCTA,1
TACTCCAGCCCTGTA,GATAAATTCGCATAA,0
ACAGACCTACCGTTG,GTTGCTTCACATCAC,1
GCTTTCTTTTACTCC,GTGAAACAAACGGGG,1
AGTTGGAAACGTACC,GGATCGCTGTGAGAA,1
TAGATAAGGGCCTGC,GGGTCAACAGTGTAG,0
AGCCTCACGGTCCTA,TCAGGGCAATTACTT,1
TTGGCATGCGCATCA,TTTCGTATATCTTTA,1
TATGAATAGCACATC,GATGTCTTGCTTAGT,1
ATCAAGGCGGCGTTA,TTGGACGTTCCCGTC,0
TGTTTCTCTTTAAGG,GAGAAGCTTCACGGT,0
CCTACGTACTCACCG,ATGGTTGTTTCTCCT,1
ACATGGTGATAGGAT,TAGCTGATAGTGCTC,0
TTCACCTCAAAAGGC,GATGTCTTGCTTAGT,0
CTATATTGACTCCTC,AATGGGTTCCCAGTT,0
CAGCAGGCGGCTTGT,TTCCCGGGATTGTAA,0
CATCAAGCGGGCCCG,CCAAACGCCTGCCCC,0
CATACCCAAATCTAA,CCTATTCCCGCCCGT,1
ACGAATTTCTTACAG,AGCTTAACAAAGAGT,1
ACACTCCCCATGAAG,TGGACCCAATTGTCA,1
ACAAGGCCAACAAGT,ACCGGAGAAAGCAAC,0
ATTCTTTTGCTATTA,GTTGACGTGTCTTGA,1
CCGCTGAGGTTTAGA,TGTGATCAAAGTCGA,1
ACTACTCGTGGGGAC,GGCGCTGCTAGTACC,0
GAGTTCTATTTGGCC,GCGCTGAAGGTGTGA,1
AGCTTCGGCGTCGTG,TATCCTCATCATTTT,1
TTTCAATCTGATGGC,GAGTTCTATTTGGCC,0
AACAACGGTGCGCTG,TCTCAGCGTTCGTAC,1
CCGGACAAAAAGTAA,TGACAGGCGTCCCAG,0
CCGCCTAACCGTTAC,CGGTTCCGAAACCTC,1
AGCCGGAACTATTGA,GTAAGACAGGGTCCG,1
CGAGACATCAATTGG,CTACCTGTTTTTTTA,1
AGGGCTCTTGGCCCC,GATGCGTTCACGGAA,1
CCTATGAGGGCACCG,TTGTAAGCGTCCCTT,0
AGGTATAACCCAATA,GGTGGAGCACTCTGA,1
CGGTGATGCCACGAA,CTCCAATTCATATCG,0
AACCATGTAAGGAGT,GGCAAGTCGCGACGA,0
AGGAGAATATAAGAG,TAGATAAGGGCCTGC,0
CCACTAAAACTGCAC,TTGGGCCGGAGACAG,0
CACCATGCACATTGA,TAACCTTGTCACCTC,0
CGTATTCGCTCCGCT,TGATCTCGTAAGCTA,1
GCTATTGGTGATGAG,GTATCTGCGGGATTT,1
CCTCATGTGGAAATA,GCAGGCGTAAGGTAC,0
AAGACAGTCACCGTC,GGTGAAGGTTCAGGA,1
CATTCCTTGTCTCGA,GAATTGCCGCCTTGC,1
AAACTGGTGCTAGTC,AAGTCCGCTCAAAGG,1
AAAGTATGTAGAGAA,GCACTCTTCTTCTCC,0
TAGCCTAGCGGCACG,TCCGACGCCGAGATC,1
AGGACTATCTAGATC,AGGGCTCTTGGCCCC,1
CAGACTGTCCCTAAT,GAGGTGCTGTCGTGC,0
ATTGTGTGTCGTTCC,GTGATAAGGCCGGCC,0
CGAGTCTGTCTCGCC,GGAAAGTCGCCTGAG,1
CCAACCACAGACCTG,ATCTTAGTTCAAGTA,1
ACCGCACACAGAAGT,TCCGTCCTCCCACCG,0
TCTTCGAGTATGCCA,TTCACCAATTATTGA,1
GGAGGGCGGTGCCAT,GTCTTTGACATGTTC,1
CGTTACAACCTGGAT,TGCATACGACGCTCG,0
CAGACTGTCCCTAAT,AGCTGGAACACGCTT,0
GCAACGCATGAGGCC,GGTGGAGCACTCTGA,1
CACAGGGACTCTAGG,ATATCGGTCCTTCCA,0
AGAAATGTATAGAAG,TTCTTAGCACAGATG,1
AGTGCTGTCATACAA,TTGGGCCGGAGACAG,1
ATTCACAAAGGATGA,GCCGAAGTTCCGGAG,1
GAGAAGCTTCACGGT,GTGAAACAAACGGGG,1
CCGACGTTCCCATTA,ACCACGACCAATGAA,1
ACCTAAGTGAAACCG,AGGAGAATATAAGAG,1
CTCGACTATAGATGA,AAGGGATTTTTCCTT,1
AACCATGTAAGGAGT,AATAGTACTAAAGCC,1
ATCTCTGTTACTTCA,GTAGCCCGGCGATAT,0
TAGGAGTACATTCGC,TCTTCCAGTGCCTCC,1
CCCCTTCTCTCAGCA,TATGCACAGCCCCGC,0
CAAACGGCCAGGTAA,ATTGGTTGTAATTAA,0
CCGGGGAGTGAATGA,TCGTCATTGGTGGGA,0
CACTCGGTTGCGACG,ACAAGGGACGTGGCT,0
CCCAAACGTACGACT,TACATCGTTAAACCC,0
CGAAGACTGATACCT,AGAGGTTGGCCCGAT,0
CTCCCTGGACGCTAG,ATGCAATAACATAGA,1
CTACGGGACAGGATT,TCCTTTTATAGACGT,0
ACTACTCGTGGGGAC,TGTAAAGTCGAACGC,0
ACGACTCAAATTGCA,TGTTCCGCAGATCCA,1
CAGCGCTGGCTTGAC,GATGTCTTGCTTAGT,0
GATTGATACCTTAAA,GTCATCGCCCAGTAG,1
CAGCACCGCCTTCAA,AGCCAGTCCCTTACG,0
TTGCGTAGTGCAAGC,GTCTTTGACATGTTC,1
ACATGGGTTAATGGG,GACTTAGACGTCATG,1
TTATTAAATCAAGTT,GTGGGTGGCATTCCC,1
CGTGGGCATTTGGAT,GAGTGAATTTAGGGG,0
TGGGAAAGCATGTGG,GTCTACGACTAAAAG,1
ACGTGATTCGAACCC,TAAGTAGGATCTAAG,1
TAACATCCGGGGACT,TTGAGGGGAAGTCGT,1
GATGGGTTACCTGGT,GGGTACGCGGCTCGC,1
ACGGGTGGTGAGGCT,AGGTATAACCCAATA,1
ACGGAGGAGCACGTG,AGTTGTATTCATCCT,1
CGCGCACTCAACCAT,TCACGCAGTGATGCC,1
CCCTATTAGTATAAT,ACGAAGTGCTCCCGT,1
CCGCACGGGGACGAA,CGATTATGACCTGAT,1
CGGTTAAGACTTCCC,TGGGACCGATTCCAC,1
TCAGACTTTCGTGCA,GACAAAGTCGTGCCT,1
TAGCCGGTGATCAGG,TCAACTTCAGACTAT,1
ACAATATGTCACGGC,TTGGCATGCGCATCA,1
GAACTGCCAATGACG,GTCAGATACCTCTTG,1
TCCTTTTATAGACGT,GTGGGTGGCATTCCC,1
ATCAGGCCCGCTTAA,GGAGTGATCGTCCGT,0
CGAGTAGTGAAAGCC,ATCAAGGCGGCGTTA,1
CGGTTGAAGCGTCAG,GTGTAACTCCCACAA,0
AAGACAAACGTCACG,ATGCTCATTTACCCA,1
AATTGGCCCAAATTG,ACATGACGGGGCAGT,0
CTTGCGGTCATACAC,TGCAGGGACGCTTCT,1
CAGCCCTCACATACT,AAGAGGGGTTAGGGC,0
CCCACCCTGTTGTGA,TAGTCTCGTCTCGAT,0
GGAAAGTCGCCTGAG,GGGAAATGATGCTCA,1
CACCATGCACATTGA,CATAGAAGTCTCTAA,1
TGCTATCAGTATCGT,TTGAGGGGAAGTCGT,0
ACGCTTTGTTTGATC,GATTTCTAGACGATG,0
TCGAGACCCGTCAAT,TCGAGGTGGCCCTGC,1
AGCCTCACGGTCCTA,ATTTGGCCCCGTGTG,1
CCCTTCGAGATTTAG,TCTACACATTCGGTA,0
ATTTGCAAGCAATAA,GAAGAATTGCAGTCG,1
CAAGGTCTACTGCGA,AATGCAGTACATGGG,1
CCTCACTCCCAGTTT,GTCGATATTCGCGTA,0
AGCCCATGTACAGAT,TTAACCCAATGTGCC,1
ACCACGACCAATGAA,TAGCCGGTGATCAGG,1
CGGTAGAGTATTCAC,AGCCCGCGTGTGTCA,0
TAAGGACCGCGGTTG,TATGTTTCTCCACCC,1
CTATTCGCCTGGGGA,AGCCAGTCCCTTACG,0
GATAAATTCGCATAA,GGCCTCAGAGGCACG,1
ACGTTGTATTACTCT,GTAAGACAGGGTCCG,1
TAGGAGTACATTCGC,TTTACTATCTGGTGA,1
CCCCTTCTCTCAGCA,ACCAATCCGTTATTG,0
ACATGAACCAATGGA,GCTAACGGCATTATG,0
AATGATCGCACAGGG,GGCAACTCCGCCCCA,0
CTGTTTGCGTGCAGT,ACCATCTCAGGTACA,1
AAGATGGTTGTGGCT,ATTCAGCGTTAGGTC,1
AGGACACGTTTTTGG,ATTTACGTTACTCTT,0
ACGCTTTGTTTGATC,GCCGACTCTTAGGCT,1
CCGTTGAGATTCAAC,TAGCCGGTGATCAGG,1
ACCGGAGAAAGCAAC,GGTGAGAGTAGTCTT,1
ACCTTCGATAAATTC,TTTACTATCTGGTGA,1
CCGCCCAAGCGTAGA,TATGAATAGCACATC,0
CGCCAGCTCCTGCGC,GGGAAATGATGCTCA,0
ATAAAGCTGTACGAG,GCGCGCCGAAAAGGT,1
CACAGGGACTCTAGG,TATCAAAACCGGTCG,0
AGAACCTTCCTTTCC,GTCTTTGACATGTTC,0
ATATCGGTCCTTCCA,GCACCGGATGTCTCT,0
ACCGTGGCGAACCCC,TCTTTCTCCATCATA,1
ACAATATGTCACGGC,GAGGTGCTGTCGTGC,1
ACAAAAGAGTACGGA,GTGTAACTCCCACAA,0
CACTGTTCCATTCTA,TGAGGTGTTCCTGAC,0
AAAGTATGTAGAGAA,TAAAGTCGATGGAGC,1
CAATACTCAAGCTAC,TTTGTTATCCACGCG,0
AACCATGTAAGGAGT,GTCATCGCCCAGTAG,1
AGCCCATGTACAGAT,ATAGTGGACCAATTT,1
ACGAATTTCTTACAG,GGAAGAGCTTCGACT,0
CCTCATGTGGAAATA,GCCCCAAAACTTATG,0
CGCGCACTCAACCAT,GACAAATAATTGTAA,1
ACCATCTCAGGTACA,GTCGACGGAAATCGC,1
ACATGGTGATAGGAT,TGAGAGACGTACACC,1
CATGGGACCTGCTGA,TGTCGTCCTTTCGTT,0
CCTGGCGAAAGAGTT,GATTTTCTATGCGGA,1
TCTATAATGCCGGGA,GTTATTAGATGAGAG,1
CCGCCTAACCGTTAC,GAAATTCCATATAAC,0
CAAACTTAACAGTAC,GTCATCGCCCAGTAG,1
CGAAGACTTCTTACT,ATTTTAGCAGGTACT,1
ACCGTGGCGAACCCC,TTTTACCTCATACCT,1
TTTTACCTCATACCT,GGAATATTAACGACT,1
CTCGAAGTTCGGTGT,TCCGACGCCGAGATC,1
ATTTACGTTACTCTT,TCTCGTCTATCGCAT,1
CATTCGGGGTGTCGT,ACACACGGGTGGCCC,1
CGGCTTGCCCTAACC,GGTGAGAGTAGTCTT,1
TAAGTAGGATCTAAG,TCTTCGAGTATGCCA,1
AATGCAGTACATGGG,AGGTTAAGTTCGATT,1
AACGGAGCAAAAATG,GGACCGGGGACTAGA,0
CCATCCAAGTAGGCC,TCAGCTGAAGAAACC,1
TGCAGGGACGCTTCT,TGCGGACATCTTAAA,1
TCGGCCTAGGGTTTT,TGCATACGACGCTCG,0
TGCGGACATCTTAAA,GTGCCACAATATTTT,0
CATAGAAGTCTCTAA,TACCGAGTACGCTCC,0
GCTGATGTCACGGAA,GTGTTGACGGTTTCA,1
TTAGGCGAGGTCGAC,GCGTACCAATTTGCA,0
TAGAACATCCGGGAG,GATTGATACCTTAAA,0
TCGTCTCACCCACCC,TGCTCCCGCCCACGT,1
ACTCCTTTCGTGGCC,GTATTGGCAGCGTCG,1
CTGGGAGGGACATTT,TTGCTTGCGTCCTGT,0
TCCAACCCTTTTGGC,GCCGTACATCAGCAG,1
CTAGTGGCCTAGAGC,GCCCCCTCAAAAAAC,1
AGCTGTGTGAACCCA,GGATCGCTGTGAGAA,0
AAGGGATTTTTCCTT,TTGGGCCGGAGACAG,1
ATCTTAGTTCAAGTA,TCATATAAGTATTCC,1
CTCGATTCCGGAGGG,ATTGTGTGTCGTTCC,1
ACCATCTCAGGTACA,GTGCGCTAGATGCAC,1
AAAAGAGCAGGAATT,TTACTTTATACATAC,1
TTGGAATACGGCCTA,GCCCCAAAACTTATG,0
AAGTATAGGGACACG,AATCAGATTAGATCG,1
AGTAAAACATAGATA,GTAAAGGTTCTGCTG,0
ACAGCGGGTAATGGT,ACTCACAGGTATTAC,0
CAGCTTATGCCACAA,CCTATGAGGGCACCG,1
CAGTTAGTACATTAC,CGTCAAGTATAAAGT,1
CGGCATCTTAGCCCT,AAATGATTTAGCACT,1
CCCTATTAGTATAAT,AATAATAGACGACTT,0
CGGTAACACTGTTCC,TAATATCCGACGTGG,0
CATAAATTAATTGTA,GGTGGAGCACTCTGA,0
CTCCCTGGACGCTAG,TGGACCCAATTGTCA,0
CCTTAGTGCCCTGGC,GTCTTTTTATCCAGA,1
TACCGAGCTTAGTGC,GTGCGCTAGATGCAC,0
CGCGCAGTCGTTTCG,ATCATTGTGCTACCG,1
CGCTGAACCTCTGAC,CTGTTTGCGTGCAGT,0
ATCTCCGCAGAGTAT,TCTCCTTCAAGCAGA,1
TTCGGTTACTACATA,TTGAGGGGAAGTCGT,0
TAGTTTATTGTCACA,TGTAAAAGATCAAAT,1
ATCAGTTGGTCCTTG,GCCGTACATCAGCAG,0
ACTAATTACGTTGTA,TGATCACGCAGGCAT,1
TCGGGGGCAAGGCTA,TGTGCAACTGCCCAC,1
AGTGCTGTCATACAA,TCAGAGAGCGTCCAT,1
AAAGCTCCTGGCCTG,TATGTTTCTCCACCC,1
AAAGTATGTAGAGAA,GGGAAAGACCCGTCG,1
TCCTACCGGGCTCAA,TGGCAGTTTCTATAT,0
AAGACAAACGTCACG,TTAACCCAATGTGCC,1
CCGCCTAACCGTTAC,ATGGTTGTTTCTCCT,1
ATATTGGCCCATTGA,GATTTTCTATGCGGA,1
ACGACTCAAATTGCA,AGTGTCCAAAGAATC,0
CGAAGACTGATACCT,TCAGTGGGTGCGATC,0
AGAACTTTGTTAGCC,GGACCCGACCGATCC,0
CAGCCCTCACATACT,CATGGGACCTGCTGA,1
ATGCAATAACATAGA,TAGCCGATGGTCGAA,0
AAGGGATTTTTCCTT,AATAGTACTAAAGCC,0
CGGTCGAGTTGTCAA,ATCTGAACGTGACAT,1
ATGGCGAGGCTGTAA,GTCTAAGCGACCGTC,1
AAGAACGGGATCGAG,AATTGGCCCAAATTG,1
TTACTGAGCTTATAC,GGATTCAACGTGATC,1
AGCTTTGAGCGGGTA,ATCAGGCCCGCTTAA,1
TTCTTAGCACAGATG,GGAGTGATCGTCCGT,0
TATTTGGTAGTGAAA,GGAGGGCGGTGCCAT,0
ACGGGTGGTGAGGCT,GGTGTGGATCTGCTC,1
CAGGTGACCGACGGT,AAGGGATTTTTCCTT,1
CACCATGCACATTGA,ATCTTTACTAATAAG,0
AGTCGAAACTACTTT,TCTGGAACTCTAGCG,1
TGCCTATATGACTTT,TTCACCAATTATTGA,1
AAGAGAAAATAGTGG,ACACTCCCCATGAAG,0
ACGACACATGTGAGA,AGCCGGAACTATTGA,1
AAATTGAGGGGACGG,TAGTCTCGTCTCGAT,1
CTGGAAACACTCATG,TCGATCTGCGATTAG,0
AACAACGGTGCGCTG,GACTTAGACGTCATG,1
CCCTAAGGATATATA,TCGACTGTTGTATAA,0
AGTGTCCAAAGAATC,GGCAAGTCGCGACGA,0
AGCATGGAGCTTAGG,GACGGTATAAGTACA,1
CTCGGACCTCTTTCA,ACTCAGCAACAACCG,1
ACTATTGCTTCCAAG,GTAAAGGTTCTGCTG,0
TGCTGGCATAGCCCC,TTTCGTATATCTTTA,0
ACCTTGGCATTGCGC,AGGGCTCTTGGCCCC,1
CATACTAAACCTCTA,ATATCGGTCCTTCCA,1
CTGCTTGGTGGAACT,GGAGGGCGGTGCCAT,1
CTCCCTGGACGCTAG,AGTCGTTCCCTGAAA,0
TTAATGATGCCCTGC,GTGCAATACTAGAAA,0
CGTAGGGAGGGCATT,GCAGCCCAGTCCGTT,0
ATCGGGGGCGGCCCT,GAACGCTCGCGATAA,0
AGCCACCGTAAAGCT,GCTGGCGCGGCACAT,0
TACCACAGGGATAGC,TGTCATCGTTTTGGC,1
CATACTAAACCTCTA,GTCTTTGACATGTTC,1
TAGATAAGGGCCTGC,TGTAAAGTCGAACGC,1
CATCAAGCGGGCCCG,CATTACCACTGACGG,0
ACGATTTGGGGGAAT,TAAAGCACCTTATCA,1
CCAGCTATCTCCCGT,TATGCAATAGTACTG,1
TAGCCCCCCGCTAAC,TATATAAGAGACCGG,1
CTGTTTGCGTGCAGT,TGGCCGGGGACCTCG,1
TTACTGAGCTTATAC,GTCTCCGCATTTCAC,0
CCTCACTCCCAGTTT,ATGTAATCGGAATTG,1
CTGCGGGTAGTGGTA,ATCAGTTGGTCCTTG,0
TGAGAGACGTACACC,GCCTATGTTTCTCAA,1
GCCCCAAAACTTATG,GCTATACAGGGTATA,0
GAACCGTTAACCCCG,GCAGATACGGTTGTG,1
GAATTGCCGCCTTGC,GTGTTATCACCTGTA,1
AAAGGCCCGTTTAGT,TCTATAATGCCGGGA,0
CCGACGTTCCCATTA,ATCTTTACTAATAAG,0
CTCGACTATAGATGA,TGTCATCGTTTTGGC,1
CACCTGGGCGACTCC,AAAATAGCTCGGATC,1
CGCCAGTTATTCGTA,CGGGACTGCTGTAAC,1
ACCAATCCGTTATTG,TCCTTCCTTTGTAAG,0
AATCCCTCAATCTTG,GCTCTTAGGGTGGTA,0
CCCTAATCCTGTATA,AGCCCGCGTGTGTCA,1
CCATGCGGTACTGGA,ATGCAATAACATAGA,0
CTGAACAGTAAGATA,TTACTTTATACATAC,1
CCGCCCAAGCGTAGA,TTTATCAAATCGAAT,1
TTAACGACGTAGGAG,GCAGATACGGTTGTG,0
CGGTTAAGACTTCCC,ACTAATTACGTTGTA,0
CTGGAAACACTCATG,TTGGACGTTCCCGTC,1
AAAGTATGTAGAGAA,ACGACAAGGCTCAAA,1
CACACGTTTAGACGT,CGAAGTAACGTCACG,1
TCACTCTTATCGCGT,GCTGGCGCGGCACAT,1
CTACGGGACAGGATT,CTCGGTTTATAGCTA,1
TTATTGCTTGACGCT,GTTATCTCTGGGCCA,0
AATTGGCCCAAATTG,TAAAGACTCACGCGT,0
AAGAGGGGTTAGGGC,TTGCGTTTTCGCTCA,1
CATAAATTAATTGTA,GGGAAAGACCCGTCG,1
ACCTTAAGGCTTAGC,TATGAATAGCACATC,1
CCCTAAGGATATATA,TCATGAAATGGCACC,1
TGACCTTAACTCGGC,GGTTGCTTTTGCCCA,0
AATGATCGCACAGGG,ACTCTTCAGGTTGAA,0
CGCAGCGTCATTAGG,GAACCGTTAACCCCG,1
AAGAGATAGGAAGAA,ATTTGGCCCCGTGTG,1
CACGCCTTGGATACG,TCAGAGAGCGTCCAT,1
CGCTAGTGAAGGCAC,TCGATCTGCGATTAG,0
AGTCGTTCCCTGAAA,TAGGGCTTTCTTGCC,0
CTCGAAGTTCGGTGT,GGCCCTCTTGAATGG,0
CAAACGGCCAGGTAA,TTGGCTCATGACCGC,1
CGGTAGAGTATTCAC,ACACGCACGAGTCAC,0
AAAAAAGAGGACAGT,TTTACCCCGACCTTG,1
TGTAAAGTCGAACGC,GCTATACAGGGTATA,0
ATCTTTACTAATAAG,GCGTACCAATTTGCA,0
CCCATCAAACGTAAG,AGTTGTCAGTCCAGA,0
CCAGCTATCTCCCGT,ACCTTAAGGCTTAGC,1
CTATCATGCTTCGGC,GAACCGTTAACCCCG,1
CGACTCGGAGCTAGG,TTCTCGAGCAAATCC,0
ACTTTGATCCAGGCT,GTCTACACAGTGTTT,1
CTAGAGGTCAAGCAA,GCACTCTTCTTCTCC,0
CAAACGGCCAGGTAA,CGTGTACATGCCGCT,0
CTAAGGACTCACTGG,GGAATATTAACGACT,0
CGTGCACTGTCATAG,GTTATTAGATGAGAG,0
CATACCCAAATCTAA,ACCACACTCTGAACC,0
GGCAAGCAGAGCGGA,GGGAAAGACCCGTCG,1
TTCGGAGCAAACGTC,GCTTTCTTTTACTCC,0
CGGTGATGCCACGAA,GCAGGCGTAAGGTAC,0
CCGGGGAGTGAATGA,AAACAGTGAAAATCT,0
AGATGGCCAGATATA,TCGAGACCCGTCAAT,0
CGGTGATGCCACGAA,ATTTGCAAGCAATAA,0
CAGCCGATCTTGGAG,GCCCGCATTAATTCG,1
CTATGAAACGTTTCC,ACAAGGCCAACAAGT,1
ACCCACTGAGCGCCT,TATCATCTAACCGTG,1
ACGGCTCGACAACTG,GCGGCTCTCTAGTAG,0
CCCTTCGAGATTTAG,ATTTCCGGGGCATGT,0
CTCGGTTTATAGCTA,TCACTCTTATCGCGT,0
ATGAGGGATATGACT,GTCGATATTCGCGTA,1
AAAACCTTAGGGCGG,TCTACCAGTATTAAG,0
AAGTGGGGAGTCAGC,ACACGCACGAGTCAC,0
ACCGGAGAAAGCAAC,GGGAAAGACCCGTCG,0
CGAAGATGTGCGCGA,GTCTTTGACATGTTC,0
ACAAAAGAGTACGGA,TTTGACCCTTGCGCG,1
ATTCACAAAGGATGA,GCCCATGTTTTTACG,1
ATATCGGTCCTTCCA,GCCCCAAAACTTATG,1
TCATGGCGAGTGACC,TCGCGCATGATCTCT,1
CCTGGCCCTTGGAGC,AAACCGACTCTCCTT,1
CGCCCAATGATATGG,GATGCGTTCACGGAA,1
CATCAAGCGGGCCCG,CCGACCTTGCCATAC,0
AATGCAGTACATGGG,AGTCGAAACTACTTT,1
AGCGGGCCATTGCCT,TTGCGCCCTCAGCCC,1
AAAACGCATGGGTCT,TACGCCCAACTACCG,1
CCTACGGTCGGTTCC,TGATCCAGAATTGGG,1
CTATCATGCTTCGGC,TGACAGGCGTCCCAG,1
CTGTTAACGTCTCCT,TTCACCTCAAAAGGC,0
TCACCAGGAGAAGCC,GCAACCGTGATTCCG,0
CAGCGCTGGCTTGAC,AATAATAGACGACTT,0
ATCAGTTGGTCCTTG,TTCGGAGCAAACGTC,1
CCATCCAAGTAGGCC,TTTATCAAATCGAAT,1
GCCCCAAAACTTATG,GCGTTGATCTTACTT,0
CGCGCACTCAACCAT,GACGGTATAAGTACA,1
CTAGACCTTATAGAC,GGGATCTCACATATT,0
ACGACAAGGCTCAAA,GCCCCCTCAAAAAAC,1
CTAGTGGCCTAGAGC,GGCAAGTCGCGACGA,0
TATGCACAGCCCCGC,TGACAGGCGTCCCAG,1
CCAGCTCTTTAATCC,AACCGATCGGCTGGA,1
ATTCAGCGTTAGGTC,TCTCGCATCCTGCGA,1
AGTTTGGGCCGCTTG,TGTGAAGGATGTACA,1
TCGGCCTAGGGTTTT,TTGGGCCGGAGACAG,1
ATATCGGTCCTTCCA,TAGGAGTACATTCGC,1
CACCGTCCGAAAGCT,GCCCGCATTAATTCG,0
AATTGGCCCAAATTG,GACTGTGTACCCTAA,1
TATTTGGTAGTGAAA,GAGTCATGTTCGCAT,1
TAACATCCGGGGACT,GCCGAAGTTCCGGAG,1
AAAACCTTAGGGCGG,TTGGGCCGGAGACAG,0
TACGCATCGTCGAAA,GCATGCCGCTGCATA,0
ACTTTGATCCAGGCT,TGTGATCAAAGTCGA,1
CGAAGATGTGCGCGA,TTTGTTATCCACGCG,0
CAAACTTAACAGTAC,AGTGCCAGTCCACTC,0
CTCCCTGGACGCTAG,TATCATCTAACCGTG,0
GGCATGTCCTCGGCG,GTCCGATGGTAACGA,0
CAGCCCTCACATACT,CTTGCGGTCATACAC,0
AAGATGGTTGTGGCT,AAGTATAGGGACACG,1
CACCATGCACATTGA,TAATAGGTACCTTGA,0
CCTCGGTAATAGACT,GAGTCAGCTGATGAA,0
CAATATTTCAAAGTA,TGTGAAGGATGTACA,1
CCCACCCTGTTGTGA,GGTTCGCGTCAAACG,0
CACTGTTCCATTCTA,GGCAAGTCGCGACGA,1
ACCACCGTCTTAGGC,GCAATAACTGGGCAC,0
AGGCTATGACGACTT,TTCTCGAGCAAATCC,1
CCCCTTCTCTCAGCA,GGAGTGATCGTCCGT,0
AAATGATTTAGCACT,GTACGGCTGAAGACG,0
AGAAATGTATAGAAG,GCCTATGTTTCTCAA,1
CCTCTGGCTTACCGG,AAGTGGGGAGTCAGC,1
ACTCCTTTCGTGGCC,TAAAGACTCACGCGT,0
TTGAACAGGGCACGT,TTTCGTATATCTTTA,0
AGGCCGTCATTAAAT,GTCTTTGACATGTTC,1
CTCGGTTACAGGCGC,GCTATCTAGGTGTAG,0
TCAACTTCAGACTAT,TTGACCTAGATGATC,1
TAAGCGCCATCTTGC,GTGTTATCACCTGTA,0
ATTCCAGTCTGTGAC,TGTTTCTCTTTAAGG,0
AGTGTCCAAAGAATC,GCTTTTCCTAGCAAA,1
CGCAGCGTCATTAGG,ATTCGGACGCGATTG,0
CCATGCGGTACTGGA,GTCTCTGACTAGAAA,0
TGTTGTCGGCTTTCG,TTAGGTCAGGACAAA,1
CATCACGCTGGGATT,TTAATGATGCCCTGC,0
AAGTGGGGAGTCAGC,GCTGACCACCTCACG,1
ACTATTTTTATAGAT,ATGTAGGAGTTAAGT,1
AGGGCTCTTGGCCCC,TCCTGGGAGCGCAGG,0
CCAGCTATCTCCCGT,ACGTTGTATTACTCT,0
TAGAACATCCGGGAG,TGATTACCAAACATA,0
AGAACTTTGTTAGCC,GGAAGAGCACCCCTT,0
CACGCGATAATGAGC,TCGGTCATTTCCCGC,1
CGCGATTGTGCCAGG,TTTGCGGATGGTATG,1
CTCCTAGCCAGGTTG,ATTTGCAAGCAATAA,0
CTAGAGGTCAAGCAA,GAACCGCTTCCTTAC,0
ACGACACATGTGAGA,AGCCCATGTACAGAT,1
CTTCACAGGCAACTA,ACGTACCTGAATGTA,0
CTTTGTTTACTGGGC,TAGCCGGTGATCAGG,0
CCCTTCGAGATTTAG,TCGAGACCCGTCAAT,1
CGCCCAATGATATGG,TGTGATCAAAGTCGA,0
CCCACCCTGTTGTGA,TTGGCTCATGACCGC,0
CTGGAAACACTCATG,TCCGTCCTCCCACCG,0
CACAGGGACTCTAGG,CTAGAAACCTATCCT,0
CACGAATCTTGCGGG,GTTTGGAGGCTGATC,0
CTCAGGTTTGGCATT,TATGAATAGCACATC,0
CGTTACATGATAATG,CTGTTTGCGTGCAGT,0
CACAGGGACTCTAGG,AGTCGAAACTACTTT,0
GACAATTTGCGAGAA,GCAATTCCATCCGTG,0
CCCAAACGTACGACT,ACTCTTGAGGATGAC,1
AGTGCTGTCATACAA,GTGCAATACTAGAAA,0
ACGACAAGGCTCAAA,GGACCCAAACATATT,0
CAGTTTTATGAACTG,GGCCCTCTTGAATGG,1
GCTGGCGCGGCACAT,GTCATCGCCCAGTAG,1
CATTCCTTGTCTCGA,TTATGATCGCATCTA,0
ACTCTTGAGGATGAC,TAGACCGGACCGGCA,1
CCTGGCCCTTGGAGC,AATGGGTTCCCAGTT,0
CCCATCAAACGTAAG,ACGGAGGAGCACGTG,1
TGCGCTCGAGTGCAC,GGCTATGACCTCGCC,1
TTGGGCCGGAGACAG,GACCCCTGCACGTAC,1
TCACGCAGTGATGCC,GTATTGGCAGCGTCG,0
CACACCACGTGTCAC,TCTTGGGGTATAGAT,1
CGGTAGAGTATTCAC,ACGATGTGGAATCCC,1
TGCTGCGCAATAACC,GGTGGAGCACTCTGA,1
ACTATTGCTTCCAAG,AGGTTTAGGGAAAAC,0
AGCGAGTCGCTTCAC,GCGCGCCGAAAAGGT,1
TCGAGACCCGTCAAT,GCCGTGTTCGTTTTC,0
ACTAAAACGCGAATG,TGTAAAAGATCAAAT,1
CTCAGGTTTGGCATT,TGTCATCGTTTTGGC,0
CTTTTCACACTGCGC,TACATGCTAAAGAAC,0
CTGCGGGTAGTGGTA,GGATTCAACGTGATC,1
CACACCACGTGTCAC,TGCTGGCATAGCCCC,0
CCTGGCGAAAGAGTT,TGGTCTCGGCAGCCC,1
CTGGAAACACTCATG,ACATGAACCAATGGA,0
CTTCACAGGCAACTA,TTTGTTATCCACGCG,1
CCGACGTTCCCATTA,TAAATTACCTCAGAT,0
CTCCTCTTCTCGACT,ACTATTGCTTCCAAG,0
ATCTGAGATGCCCTC,GCCTATGTTTCTCAA,1
CACAGGGACTCTAGG,TTCGGTTACTACATA,0
AAAGCTCCTGGCCTG,GGAATATTAACGACT,1
GCTATCTAGGTGTAG,GTCGCCAGCGATATC,1
ATGTTTTAGGAAATA,TAAATTAAATACTTG,0
ACTTAACAACAGCTA,AGGTTAAGTTCGATT,0
CATCAAACGTAACAA,GTGGGTGGCATTCCC,0
ACGCCGTTAGTAAGT,GTACTGTCGCGCGCA,0
CCGTGGAAATCACCT,TCTCAGCGTTCGTAC,0
CTGTTGTTGCCATAA,GGACCGGGGACTAGA,0
CATTGGTGAAAGGTT,GGAATATTAACGACT,0
CGTGTACATGCCGCT,AATGCTCACTCGCTA,1
CGGTTAAGACTTCCC,AAAGGCACCAACGCG,0
CATTGGTGAAAGGTT,ATTGGTTGTAATTAA,1
TCGCTCAATAAGCCA,TGGCAGTACCCGATT,1
CAACTACACTTTGGC,ATCATTGTGCTACCG,0
CGAGACATCAATTGG,TTCGGTTACTACATA,1
TCAGTGGGTGCGATC,GTGTTGTCAGTTAAC,1
CAGACTGTCCCTAAT,GCACGGATCCCAACA,1
TCTTCCAGTGCCTCC,GCTCTCAAACGAAGA,1
CGGCTTGCCCTAACC,AAACAGTGAAAATCT,0
GGACATTGATTGCAG,GGCAAGCAGAGCGGA,1
CGAAACCTAATAAGC,ATGGTTGTTTCTCCT,0
AACCATGTAAGGAGT,AAGAACGGGATCGAG,1
CCGAACAGACTATAC,AGCGAGTCGCTTCAC,1
ACTAATCGAGTGTAT,GTAAAGGTTCTGCTG,0
AACGAAGTCTAGAGG,ATCTTTACTAATAAG,0
AGTATGCGTTTGACC,TAGCTGATAGTGCTC,1
CCAAAATGAAGGGAT,AGAGGTTGGCCCGAT,0
ACTGACGAGATCTCA,GCACCTGCGATCCTT,1
ACCACGACCAATGAA,GTAGCCCGGCGATAT,1
AGTTTGAAACGTAGC,TGTTCCGCAGATCCA,1
AGTATCAATAGGGAG,TCTGACCCACAAGTT,1
CGGTAGAGTATTCAC,GAGCTCAGGGATAGG,0
CATCGTACCCACCTT,AAGTACTAACCGAGG,1
CCCAAACGTACGACT,CCTGGCCCTTGGAGC,0
CATAGTCTGAGGAGG,TCCAACCCTTTTGGC,0
ACAGCGGGTAATGGT,ACTATTTTTATAGAT,0
ACAAGGGACGTGGCT,ATGATCCACGTCAGG,1
CCCCGTACAACTGAT,TTCACCAATTATTGA,1
AAAATAGCTCGGATC,AACCACTGATTATAG,1
CCGTTGAGATTCAAC,TTCGATATGTGCGTA,1
CTTCCGGCTGCGTCC,ACTAATTACGTTGTA,1
CCGCCCAAGCGTAGA,CCTGTAGGGAGTTTG,0
AGTATGCGTTTGACC,TCCTACCGGGCTCAA,1
ACAAAAGAGTACGGA,TTGCGTTTTCGCTCA,1
TGGACCCAATTGTCA,GGCAAGCAGAGCGGA,0
ACACTCCCCATGAAG,TTAACCCAATGTGCC,1
CGAAGACTTCTTACT,AGCTGTGTGAACCCA,0
AGGCCGTCATTAAAT,GCTATCTAGGTGTAG,1
ACCACACTCTGAACC,TTGGACGAGTTGTTC,0
CAGCGCTGGCTTGAC,GATTTGACCCCACAG,0
TCAACTTCAGACTAT,TGTGCAACTGCCCAC,0
TCCTGGGAGCGCAGG,GTGGGTGGCATTCCC,0
CTATATTGACTCCTC,TTGAGGGGAAGTCGT,0
AGCGAGTCGCTTCAC,TCTCGCATCCTGCGA,1
CATCACGCTGGGATT,ACGAAGTGCTCCCGT,0
ACCATCTCAGGTACA,GGGAATACCACGGGA,0
CCAAAATGAAGGGAT,TATCAGGCTGTTTAG,0
CGCGATTGTGCCAGG,TCTAGCGGCCGCCGG,1
ACAATATGTCACGGC,TGAGGTGTTCCTGAC,1
CATTTAGCGGGTTCA,TTCGGATCCCACCCA,1
TTGGCATGCGCATCA,GATGCGTTCACGGAA,0
TCGGGGGCAAGGCTA,GCAATAACTGGGCAC,0
GATGCGTTCACGGAA,GCAACGCATGAGGCC,0
AGTGTCCAAAGAATC,ATTATTGGTTTTAAA,1
AATAGTACTAAAGCC,GTCTTTCAAACTAGA,1
CTAGTACGGAGAATC,TTTTCAATGACCCGC,1
TCTCGCATCCTGCGA,TTACTGAGCTTATAC,1
CGGTCGAGTTGTCAA,GCACTCTTCTTCTCC,0
AAGGAACGTGTCATA,TTGGCTCATGACCGC,0
ACAGCGGGTAATGGT,GTTATCTCTGGGCCA,1
ACCTTGGCATTGCGC,TACAAAGTGCAGGGA,1
TTGGCATGCGCATCA,GAAATTCCATATAAC,1
ACCTGGCTTATATTG,TTTCTCCGCAGATGT,1
CCAGATTGCACCCGA,ACTAAAACGCGAATG,1
CAGCAGGCGGCTTGT,ACCACACTCTGAACC,0
CTATATTGACTCCTC,GGTGTGCATCAGATA,1
CGATTATGACCTGAT,ATTATTGGTTTTAAA,0
CGGTAGAGTATTCAC,GACGGTATAAGTACA,0
AACGGAGCAAAAATG,ATTCGGACGCGATTG,1
CCTCTGCTCGACGTG,ACTCTTGAGGATGAC,0
CTCGATTCCGGAGGG,AAGTCGCAGTTTTAA,1
AGCCACCGTAAAGCT,AGCCAGTCCCTTACG,1
TAACCTTGTCACCTC,TCTTCGAGTATGCCA,0
CTTGTAATACTTACT,AAGGGATTTTTCCTT,0
CCAAAATGAAGGGAT,ATGTCTTCTCCGATA,1
CCCTATTAGTATAAT,CGATTATGACCTGAT,1
CGACCTGCAGCATTG,TTTGACCCTTGCGCG,0
ATAAAGCTGTACGAG,GACAATTTGCGAGAA,0
TTTGACCCTTGCGCG,GAGAAGCTTCACGGT,1
CGTGTACATGCCGCT,CTATGAAACGTTTCC,1
CATAGTCTGAGGAGG,CATCAAGCGGGCCCG,1
ATCTCTGTTACTTCA,TGACAGGCGTCCCAG,1
CGTTACATGATAATG,AAAACCTTAGGGCGG,0
ACTCACAGGTATTAC,GGCCCTCTTGAATGG,1
AACAACGGTGCGCTG,ATAGCATGTCCCGCT,0
CCTGTAGGGAGTTTG,CGCGCAGTCGTTTCG,0
ATACAGGTTGCAGAA,TTGAGGTTGTAGTAC,0
ACACGCACGAGTCAC,TTGAGGGGAAGTCGT,0
ATGTCTTCTCCGATA,GGCGACTGGGTAAAC,0
CGAGACATCAATTGG,GTCTTTGACATGTTC,1
AGTATCAGGACAATT,TTTACTATCTGGTGA,1
CCAACCACAGACCTG,AAGACTTTCACTTCT,0
AGTGCTGTCATACAA,GAACCGCTTCCTTAC,0
TAGACCGGACCGGCA,GCTGCCCTCGCACGA,0
TAGGGCTTTCTTGCC,GGACCCAAACATATT,0
GAGACCTTTCGTGTA,GTCCCCCGTTCTAAC,0
ATGGCGAGGCTGTAA,TCTATCTTATGCTCC,0
TACGCATCGTCGAAA,TGATCACGCAGGCAT,1
AGTTTGAAACGTAGC,GGCTATGACCTCGCC,0
CACTAGTTCTTAGAG,CAGGTGACCGACGGT,0
AGGACTATCTAGATC,GGTGTGGATCTGCTC,0
CCCTAAGGATATATA,ATTCCTATAGCTTCA,0
ACTCTTGAGGATGAC,GTCTCTGACTAGAAA,1
ACGCTTTGTTTGATC,ACGGTTGACCGGGCT,1
AATCCACGAGCAATA,ATAGTGGACCAATTT,1
CCGCAAGCAGATTGC,AAGGGATTTTTCCTT,0
AAAACGCATGGGTCT,ACTTCTGCCTGCCTA,0
AAAAGAGCAGGAATT,ACCACACTCTGAACC,1
AGAATAGTAGGGCGT,GATTTTCTATGCGGA,1
TTAATCAGCTAACCC,GAGCTGCAGGTGGGG,0
ACTAATCGAGTGTAT,ATAATCGTTCCTCGA,1
TAGACCGGACCGGCA,GAATTCTATCGTTGC,0
CCTGTAGGGAGTTTG,TTATTGCTTGACGCT,0
AAAGGCCCGTTTAGT,ACGGTTGACCGGGCT,0
ACAGATTCGAGTTAC,ACGTTGTATTACTCT,0
ACCTAAGTGAAACCG,TAAAGACTCACGCGT,1
