Sequence,Power
TTTTTCCTTATGTAG,0.99
TTTTTCCTTACTTGA,0.988
TTCTTTTATATCTTC,0.985
TTTTTCCTTTACTTC,0.982
TTTTCCTTTACTTAG,0.978
TTTTCCTGCGCCGGC,0.974
TTCTTTTATCGCGCG,0.973
TTTTTCCTTTACTCC,0.973
TTCTTTTATACTACA,0.973
TTCTCCTTTATCCGC,0.969
TTTTCCTGCCGTCTG,0.968
TTTTTCCTTAACTCA,0.965
TTTTCCTGCCGCAGG,0.961
TTTTCCTGCGCCTCA,0.959
TTTTCCTTGACCTGC,0.957
TTTTTCCTTACCTGC,0.956
TTTTTCCTCAGCTTA,0.955
TTTTCCTGCCATATC,0.953
TTTTCCTTTATGCGG,0.952
TTCTTCAACCGTCTG,0.951
TTCTTTATCTACTCG,0.95
TTCTCCTTTATCCGG,0.95
TTTTCCTGCCGGAGC,0.948
TTTTTCCTCCGCCCA,0.94
TTCTTCAACACCTGG,0.939
TTTTTCCTTATCCCC,0.939
TTCTTTTATCGCATA,0.938
TTTTTCCTCCGCACC,0.936
TTCTCCTTTATCTGG,0.933
TTCTTTTATCTTTAG,0.933
TTCTTCCTTTACTCC,0.931
TTCTTCAACCTCCGC,0.931
TTTTCCTGCCTCTGG,0.929
TTTTTCCTTCCCTTA,0.927
TTCTTTATCTACTCT,0.926
TTTTCCTGCCTGAGC,0.926
TTCTTTTATACTTTG,0.925
TTTCTCCTTTAACCT,0.922
TTTTTCCTCCTTCAC,0.922
TTTTCCTGCGATTAG,0.921
TTTTTCCTCCGCTGG,0.921
TTTCTCTTCCTTCAC,0.921
TTCTTCTTTATCCGG,0.92
TTTTCCTGCCTTCAC,0.919
TTTTTCTTTACTTTA,0.917
TTTTTCCTCAACAGC,0.917
TTTCTCCTCCGCCAC,0.916
TTTTTCTTCCGCCAC,0.916
TTTTTCCTCACTCGC,0.916
TTTTTCCTTATCTTA,0.915
TTCTTCAACGCCAGG,0.914
TTTCTCCTTTACTCA,0.914
TTCTTTATTATCCAC,0.911
TTTTTCCTTCCCATA,0.909
TTTTCCTGCCTTCGG,0.909
TTTTCCTTTATCCGC,0.909
TTTTCCTGCGACGGC,0.908
TTCTTCAATATTCGC,0.906
TTCTTCAACGCCTGC,0.906
TTTTCCTTTAACGAG,0.906
TTCTTTTATCCCCTG,0.903
TTCTTTTATCCGGAC,0.901
TTTTCCTGACGCTAG,0.901
TTTTTCCTCAGCGGC,0.901
TTTTTCCTGAATCAC,0.898
TTTTTCCTCCGCCGC,0.897
TTCTTCCTTAACTCG,0.897
TTCTTCAAGACGCAC,0.896
TTCTTCCTTAACTCC,0.895
TTCTTTTATGCCCAC,0.894
TTCTTCTTTATCCCA,0.892
TTTTTCCTTATCGGA,0.891
TTCTTTAACCGCTGC,0.891
TTTTCCTGCGCTCGC,0.891
TTTTTCCTTAATGGC,0.889
TTTTCCTGCTAGTCG,0.889
TTTTCCTGCTAGCCC,0.888
TTCTTCTTTTAACCT,0.887
TTCTTCAACGTCTGC,0.887
TTCTTCTTTCGCAGG,0.886
TTTTCCTTTAACGCC,0.885
TTTTTCTTTATCTCA,0.884
TTCTTTTATCCCCCA,0.884
TTTTTCTGCCGCTCC,0.882
TTCTTCAACGCCTGG,0.882
TTTTCCTTTATTCGC,0.88
TTCTTCAACGCCATC,0.879
TTTTCCTGCGCCTCT,0.877
TTCTTCTTTATCTGG,0.877
TTTTCCTGCCGCTCG,0.876
TTTTTCTGACGTCAC,0.873
TTTTCCTGCCTCGCA,0.873
TTCTTTTATCGTTGA,0.871
TTCTTCAACCTGCAC,0.871
TTCTTTTATCGTCAT,0.87
TTTTTCCTTATCTTC,0.87
TTCTTCTTCCTTCAC,0.87
TTTTTCCTTAACTGG,0.869
TTTTTCCTTATCTCC,0.869
TTCTTCAACGTCGCG,0.868
TTTTCCTGCCTTTAG,0.868
TTTTTCCTCGTCCAC,0.868
TTCTTTTATGTCCAC,0.868
TTTTCCTTCACCAGG,0.867
TTCTTTTATCGTTGG,0.865
TTTTCCTTCACCTAG,0.863
TTTCTCTTCCTTTTA,0.863
TTTTTCTTTTACTCG,0.861
TTTCTCTTGACCTGG,0.861
TTTTTCCTTCCTCAC,0.861
TTCTTTTATCCGGGC,0.86
TTTTCCTTTAGCCCA,0.86
TTTTCCTTTAACCAC,0.859
TTTTCCTGCCTTTTC,0.857
TTTTCCTGCGATCGC,0.857
TTCTTCAACGGCGCG,0.857
TTCTTTTATCTCATA,0.857
TTCTTTTATACTTGG,0.857
TTTTTCCTTATCTCG,0.857
TTTCTCCTCCACTTC,0.856
TTTCTCCTTTTTCAC,0.856
TTCTTCAAGACCTGG,0.856
TTTTTCCTTATCGCA,0.856
TTTTCCTTGACCTCA,0.855
TTCTTCCTTAACTCT,0.853
TTTTCCTGCCTTGCA,0.853
TTCTTCTTTATCCGC,0.853
TTTTCCTGCTAGTGC,0.85
TTTCTCTTGACCCAC,0.849
TTTTTCCTTACCTTA,0.849
TTTTTCCTTGATAGC,0.849
TTTTCCTGCCTGATG,0.848
TTTCTCCTTTACCGC,0.848
TTTTTCCTTATTAAG,0.847
TTCTTCTTTATGACA,0.847
TTCTTCAACATCGGC,0.847
TTCTTCCTTATGTAG,0.846
TTCTTTTACCGCCAC,0.846
TTCTTCTTTATGTCC,0.846
TTCTTCTTTATCCTC,0.846
TTCTCCTTTATTTTA,0.846
TTTTTCCTTAATCGC,0.845
TTCTTTTATCTCCTC,0.845
TTTCTCCTTTACTTC,0.844
TTCTTTTATCCTCCG,0.844
TTCTTTTATCGCTTA,0.843
TTCTTCTTCTACTCT,0.843
TTTTTCCTTGCCTCG,0.843
TTTTCCTGCCTCGCC,0.843
TTCTTTAACACTCGC,0.842
TTTTTCCTCAGCCCC,0.84
TTTCTCTTGACCTCC,0.839
TTTTCCTGCCTGGCA,0.839
TTTTCCTGCGAACGG,0.838
TTTCTCCTGATCCAC,0.837
TTTTCCTGCGATCAC,0.837
TTTTCCTTGAGCCAC,0.837
TTTTTCCTTATCTGC,0.837
TTCTTCCTTATCGCG,0.836
TTTTTCCTTGCGCGC,0.835
TTTTCCTGCTCTCGC,0.835
TTTTCCTTTAGCTTA,0.835
TTTTCCTTTAGCCCC,0.834
TTTTTCCTTTACCGC,0.834
TTTTCCTTTATCTTC,0.833
TTTTTCCTTTATCAC,0.833
TTTCTCCTTTCCTTA,0.833
TTTCTCTTGACCTGC,0.832
TTCTTCAACATTTAG,0.831
TTTTTCCTTACATAG,0.831
TTTTCCTGCGCGGGC,0.831
TTTTTCCTCAGCGAC,0.831
TTCTTTTATCCTCTC,0.83
TTCTTCCTTATCATA,0.829
TTTTTCCTTATCGCG,0.829
TTCTTTAACGCTCAC,0.828
TTCTTTTATCCTCTA,0.828
TTTTCCTTGAGCCGC,0.828
TTCTTCTTCTACTGG,0.827
TTTTCCTGCCTATAG,0.827
TTTCTCTTTATTCGC,0.827
TTTTCCTGCCTTCTG,0.826
TTCTTTTATCGTTAG,0.826
TTTTTCCTCAACCAC,0.826
TTCTTCAACCGCTCG,0.825
TTTTTCCTTATTCGC,0.825
TTTTTCCTTATGAAC,0.824
TTTTTCCTTAACTGA,0.823
TTTTTCCTCCGCCAC,0.822
TTTTCCTGCGATAGC,0.821
TTCTTCTTTATTCCG,0.821
TTTTTCCTTACATAC,0.82
TTTTTCCTCCGCTGC,0.82
TTTTTCTTGACCTCC,0.817
TTCTCCTTTATCAGG,0.817
TTTTTCCTTACATGC,0.817
TTTTCCTTTACTTTA,0.817
TTTTTCCTTATTTAG,0.817
TTTTTCCTTATCCGC,0.817
TTCTTCTTTATGAAC,0.816
